,model_action,best_action_t_plus_1,mean_price
0,H,B,0.889
1,H,S,0.884
2,H,S,0.882
3,H,B,0.884
4,H,B,0.885
5,H,S,0.884
6,H,B,0.885
7,H,B,0.887
8,H,B,0.888
9,H,S,0.8859999999999999
10,H,B,0.8859999999999999
11,H,B,0.888
12,H,B,0.889
13,H,S,0.888
14,H,S,0.887
15,H,B,0.887
16,H,B,0.888
17,H,B,0.888
18,H,S,0.887
19,H,B,0.888
20,H,B,0.89
21,H,S,0.889
22,H,S,0.887
23,H,B,0.887
24,H,S,0.8859999999999999
25,H,S,0.885
26,H,B,0.8909999999999999
27,H,B,0.892
28,H,B,0.894
29,H,B,0.895
30,H,S,0.893
31,H,S,0.89
32,H,S,0.889
33,H,S,0.885
34,H,S,0.883
35,H,S,0.879
36,H,B,0.882
37,H,B,0.883
38,H,S,0.882
39,H,S,0.8809999999999999
40,H,B,0.8809999999999999
41,H,B,0.8809999999999999
42,H,B,0.8809999999999999
43,H,S,0.878
44,H,S,0.8740000000000001
45,H,B,0.8740000000000001
46,H,B,0.875
47,H,B,0.877
48,H,S,0.8759999999999999
49,H,S,0.8740000000000001
50,H,B,0.877
51,H,S,0.8759999999999999
52,H,S,0.8740000000000001
53,H,B,0.8740000000000001
54,H,S,0.8690000000000001
55,H,S,0.868
56,H,B,0.87
57,H,B,0.871
58,H,B,0.871
59,H,B,0.871
60,H,B,0.873
61,H,B,0.873
62,H,B,0.873
63,H,B,0.8740000000000001
64,H,S,0.873
65,H,B,0.873
66,H,S,0.872
67,H,S,0.871
68,H,S,0.87
69,H,S,0.8690000000000001
70,H,B,0.8740000000000001
71,H,B,0.875
72,H,B,0.8759999999999999
73,H,B,0.879
74,H,S,0.878
75,H,S,0.877
76,H,B,0.878
77,H,S,0.8759999999999999
78,H,S,0.875
79,H,S,0.8740000000000001
80,H,B,0.875
81,H,B,0.8759999999999999
82,H,B,0.8759999999999999
83,H,S,0.875
84,H,B,0.877
85,H,B,0.879
86,H,B,0.879
87,H,B,0.8809999999999999
88,H,S,0.88
89,H,S,0.879
90,H,B,0.879
91,H,B,0.879
92,H,B,0.8809999999999999
93,H,S,0.879
94,H,S,0.877
95,H,B,0.877
96,H,B,0.877
97,H,B,0.878
98,H,B,0.878
99,H,B,0.878
100,H,B,0.878
101,H,B,0.878
102,H,B,0.88
103,H,B,0.8809999999999999
104,H,B,0.8809999999999999
105,H,B,0.8809999999999999
106,H,S,0.879
107,H,B,0.879
108,H,S,0.878
109,H,B,0.878
110,H,B,0.879
111,H,B,0.879
112,H,B,0.879
113,H,B,0.88
114,H,B,0.887
115,H,S,0.8859999999999999
116,H,B,0.887
117,H,S,0.8859999999999999
118,H,S,0.883
119,H,S,0.882
120,H,B,0.882
121,H,B,0.888
122,H,B,0.9
123,H,B,0.902
124,H,B,0.902
125,H,S,0.9009999999999999
126,H,B,0.902
127,H,B,0.9079999999999999
128,H,S,0.907
129,H,S,0.905
130,H,B,0.905
131,H,B,0.907
132,H,B,0.907
133,H,S,0.9059999999999999
134,H,S,0.904
135,H,B,0.904
136,H,B,0.9059999999999999
137,H,B,0.909
138,H,B,0.91
139,H,S,0.9059999999999999
140,H,B,0.907
141,H,B,0.9079999999999999
142,H,B,0.909
143,H,B,0.909
144,H,B,0.909
145,H,B,0.909
146,H,B,0.91
147,H,B,0.9109999999999999
148,H,S,0.9079999999999999
149,H,B,0.909
150,H,S,0.9079999999999999
151,H,S,0.907
152,H,S,0.905
153,H,B,0.905
154,H,S,0.904
155,H,B,0.9059999999999999
156,H,B,0.9059999999999999
157,H,B,0.9059999999999999
158,H,S,0.905
159,H,S,0.904
160,H,S,0.899
161,H,S,0.897
162,H,B,0.898
163,H,B,0.9
164,H,S,0.899
165,H,S,0.898
166,H,B,0.9
167,H,B,0.904
168,H,B,0.9059999999999999
169,H,B,0.907
170,H,B,0.9079999999999999
171,H,S,0.907
172,H,B,0.91
173,H,B,0.912
174,H,S,0.9109999999999999
175,H,S,0.91
176,H,S,0.909
177,H,S,0.907
178,H,B,0.907
179,H,B,0.907
180,H,S,0.9059999999999999
181,H,B,0.9059999999999999
182,H,B,0.9059999999999999
183,H,S,0.905
184,H,B,0.907
185,H,B,0.907
186,H,S,0.9059999999999999
187,H,S,0.905
188,H,S,0.904
189,H,B,0.904
190,H,B,0.905
194,H,B,0.9059999999999999
195,H,B,0.9059999999999999
196,H,S,0.903
197,H,B,0.903
198,H,B,0.904
199,H,B,0.907
200,H,B,0.9079999999999999
201,H,B,0.909
202,H,S,0.907
203,H,B,0.909
204,H,B,0.909
205,H,B,0.909
206,H,B,0.909
207,H,S,0.907
208,H,B,0.907
209,H,B,0.912
210,H,B,0.912
211,H,B,0.915
212,H,B,0.9229999999999999
213,H,S,0.922
214,H,B,0.927
215,H,B,0.927
216,H,B,0.927
217,H,B,0.9279999999999999
218,H,B,0.9279999999999999
219,H,B,0.932
220,H,S,0.93
221,H,B,0.93
222,H,B,0.93
223,H,B,0.9309999999999999
224,H,B,0.932
225,H,B,0.932
226,H,S,0.93
227,H,S,0.929
228,H,S,0.9279999999999999
229,H,B,0.9279999999999999
230,H,B,0.9279999999999999
231,H,B,0.9279999999999999
232,H,B,0.929
233,H,S,0.9279999999999999
234,H,S,0.927
235,H,S,0.9259999999999999
236,H,B,0.9259999999999999
237,H,B,0.927
238,H,B,0.9279999999999999
239,H,B,0.9279999999999999
240,H,B,0.9279999999999999
241,H,S,0.9259999999999999
242,H,B,0.9259999999999999
243,H,B,0.927
244,H,B,0.927
245,H,S,0.925
246,H,B,0.9259999999999999
247,H,B,0.927
248,H,B,0.929
249,H,B,0.932
250,H,S,0.9309999999999999
251,H,B,0.938
252,H,B,0.938
253,H,S,0.9359999999999999
254,H,B,0.937
255,H,S,0.9359999999999999
256,H,S,0.934
257,H,S,0.9309999999999999
258,H,S,0.929
259,H,B,0.93
260,H,B,0.93
261,H,B,0.9309999999999999
262,H,B,0.932
263,H,B,0.932
264,H,B,0.932
265,H,S,0.9309999999999999
266,H,S,0.93
267,H,B,0.932
268,H,B,0.9329999999999999
269,H,S,0.932
270,H,S,0.9309999999999999
271,H,S,0.93
272,H,B,0.93
273,H,B,0.932
274,H,S,0.9309999999999999
275,H,B,0.9309999999999999
276,H,B,0.9329999999999999
277,H,B,0.934
278,H,S,0.932
279,H,B,0.9329999999999999
280,H,S,0.932
281,H,B,0.9329999999999999
282,H,B,0.9329999999999999
283,H,S,0.9309999999999999
284,H,S,0.9279999999999999
285,H,S,0.925
286,H,B,0.925
287,H,B,0.925
288,H,B,0.925
289,H,S,0.924
290,H,B,0.924
291,H,S,0.92
292,H,S,0.9159999999999999
293,H,B,0.917
294,H,B,0.9179999999999999
295,H,S,0.917
296,H,B,0.9179999999999999
297,H,B,0.9209999999999999
298,H,B,0.9209999999999999
299,H,S,0.92
300,H,B,0.922
301,H,B,0.922
302,H,S,0.9209999999999999
303,H,B,0.924
304,H,B,0.924
305,H,S,0.9229999999999999
306,H,B,0.9229999999999999
307,H,B,0.924
308,H,S,0.9179999999999999
309,H,B,0.9179999999999999
310,H,B,0.922
311,H,B,0.924
312,H,B,0.924
313,H,B,0.925
314,H,B,0.925
315,H,B,0.9259999999999999
316,H,B,0.9259999999999999
317,H,S,0.924
318,H,S,0.9229999999999999
319,H,B,0.9229999999999999
320,H,B,0.924
321,H,S,0.9229999999999999
322,H,B,0.9229999999999999
323,H,S,0.922
324,H,B,0.922
325,H,B,0.9229999999999999
326,H,B,0.9229999999999999
327,H,B,0.9229999999999999
328,H,S,0.9209999999999999
329,H,B,0.9209999999999999
330,H,B,0.9209999999999999
331,H,S,0.92
332,H,B,0.9209999999999999
333,H,B,0.922
334,H,B,0.9229999999999999
335,H,B,0.924
336,H,B,0.925
337,H,B,0.925
338,H,S,0.924
339,H,S,0.92
340,H,S,0.919
341,H,B,0.92
342,H,S,0.9179999999999999
343,H,B,0.919
344,H,B,0.92
345,H,S,0.9179999999999999
346,H,B,0.919
347,H,B,0.919
348,H,B,0.919
349,H,B,0.919
350,H,S,0.9159999999999999
351,H,B,0.917
352,H,B,0.92
353,H,B,0.924
354,H,B,0.93
355,H,B,0.932
356,H,B,0.9329999999999999
357,H,S,0.932
358,H,B,0.932
359,H,B,0.935
360,H,B,0.9359999999999999
361,H,S,0.935
362,H,B,0.9359999999999999
363,H,S,0.934
364,H,B,0.934
365,H,B,0.934
366,H,B,0.934
367,H,B,0.934
368,H,B,0.935
369,H,B,0.935
370,H,S,0.932
371,H,S,0.93
372,H,B,0.93
373,H,B,0.93
374,H,B,0.9309999999999999
375,H,B,0.932
376,H,S,0.9309999999999999
377,H,B,0.9329999999999999
378,H,B,0.935
379,H,S,0.934
380,H,S,0.9329999999999999
381,H,B,0.9329999999999999
382,H,S,0.9309999999999999
383,H,B,0.9329999999999999
384,H,B,0.9329999999999999
385,H,S,0.932
386,H,B,0.932
387,H,B,0.934
388,H,B,0.934
389,H,B,0.934
390,H,B,0.935
391,H,S,0.9329999999999999
392,H,S,0.9309999999999999
393,H,S,0.929
394,H,B,0.93
395,H,B,0.932
396,H,B,0.932
397,H,B,0.9329999999999999
398,H,S,0.932
399,H,S,0.9309999999999999
400,H,B,0.9309999999999999
401,H,B,0.9309999999999999
402,H,B,0.9309999999999999
403,H,B,0.932
404,H,B,0.932
405,H,S,0.9309999999999999
406,H,S,0.93
407,H,B,0.9309999999999999
408,H,B,0.9309999999999999
409,H,S,0.9279999999999999
410,H,S,0.9259999999999999
411,H,S,0.92
412,H,B,0.922
413,H,B,0.9229999999999999
414,H,B,0.9229999999999999
415,H,B,0.9229999999999999
416,H,B,0.927
417,H,B,0.9329999999999999
418,H,B,0.934
419,H,B,0.945
420,H,B,0.945
421,H,S,0.9440000000000001
422,H,B,0.945
423,H,S,0.9440000000000001
424,H,S,0.943
425,H,S,0.9420000000000001
426,H,S,0.941
427,H,B,0.9420000000000001
428,H,B,0.9420000000000001
429,H,S,0.941
430,H,S,0.9390000000000001
431,H,B,0.9390000000000001
432,H,B,0.94
433,H,B,0.941
434,H,S,0.9390000000000001
435,H,B,0.941
436,H,S,0.9359999999999999
437,H,B,0.9359999999999999
438,H,S,0.935
439,H,S,0.9329999999999999
440,H,B,0.934
441,H,B,0.935
442,H,B,0.937
443,H,S,0.935
444,H,S,0.934
445,H,B,0.934
446,H,B,0.934
447,H,B,0.935
448,H,S,0.934
449,H,B,0.9359999999999999
450,H,B,0.9359999999999999
451,H,S,0.934
452,H,B,0.935
453,H,S,0.9329999999999999
454,H,S,0.932
455,H,B,0.9329999999999999
456,H,B,0.935
457,H,S,0.934
458,H,B,0.935
459,H,B,0.935
460,H,B,0.935
461,H,B,0.937
462,H,B,0.938
463,H,S,0.9359999999999999
464,H,B,0.937
465,H,B,0.938
466,H,B,0.94
467,H,S,0.937
468,H,S,0.9359999999999999
469,H,B,0.9359999999999999
470,H,S,0.935
471,H,B,0.9359999999999999
472,H,S,0.934
473,H,S,0.9329999999999999
474,H,B,0.9329999999999999
475,H,S,0.9309999999999999
476,H,S,0.9279999999999999
477,H,S,0.9259999999999999
478,H,B,0.9259999999999999
479,H,B,0.927
480,H,B,0.93
481,H,B,0.932
482,H,S,0.9309999999999999
483,H,B,0.9329999999999999
484,H,S,0.9309999999999999
485,H,B,0.932
486,H,S,0.93
487,H,B,0.93
488,H,S,0.929
489,H,S,0.9279999999999999
490,H,B,0.929
491,H,B,0.932
492,H,S,0.9309999999999999
493,H,B,0.932
494,H,S,0.93
495,H,S,0.929
496,H,B,0.93
497,H,S,0.929
498,H,S,0.925
499,H,S,0.924
500,H,B,0.9259999999999999
501,H,B,0.93
502,H,S,0.929
503,H,S,0.925
504,H,S,0.924
505,H,S,0.922
506,H,B,0.922
507,H,B,0.924
508,H,B,0.925
509,H,B,0.927
510,H,B,0.927
511,H,B,0.9279999999999999
512,H,S,0.9259999999999999
513,H,B,0.9279999999999999
514,H,B,0.93
515,H,B,0.932
516,H,S,0.9309999999999999
517,H,B,0.932
518,H,S,0.9309999999999999
519,H,S,0.93
520,H,B,0.932
521,H,B,0.9329999999999999
522,H,B,0.934
523,H,B,0.934
524,H,S,0.9329999999999999
525,H,S,0.932
526,H,S,0.9309999999999999
527,H,B,0.932
528,H,S,0.9309999999999999
529,H,B,0.9309999999999999
530,H,S,0.93
531,H,B,0.9309999999999999
532,H,B,0.9309999999999999
533,H,B,0.932
534,H,B,0.9329999999999999
535,H,B,0.9329999999999999
536,H,B,0.9329999999999999
537,H,B,0.9329999999999999
538,H,S,0.932
539,H,S,0.9309999999999999
540,H,B,0.9309999999999999
541,H,B,0.9329999999999999
542,H,B,0.9329999999999999
543,H,B,0.9329999999999999
544,H,B,0.9329999999999999
545,H,B,0.9329999999999999
546,H,B,0.934
547,H,S,0.9329999999999999
548,H,S,0.932
549,H,B,0.932
550,H,B,0.932
551,H,B,0.932
552,H,B,0.937
553,H,B,0.937
554,H,S,0.9359999999999999
555,H,S,0.935
556,H,B,0.935
557,H,S,0.934
558,H,B,0.934
559,H,B,0.935
560,H,S,0.934
561,H,S,0.93
562,H,B,0.932
563,H,B,0.9329999999999999
564,H,B,0.9329999999999999
565,H,B,0.937
566,H,S,0.935
567,H,B,0.9359999999999999
568,H,B,0.9359999999999999
569,H,S,0.935
570,H,B,0.9359999999999999
571,H,B,0.9359999999999999
572,H,B,0.9359999999999999
573,H,B,0.9359999999999999
574,H,B,0.9359999999999999
575,H,B,0.9359999999999999
576,H,B,0.937
577,H,B,0.937
578,H,S,0.935
579,H,B,0.9359999999999999
580,H,B,0.937
581,H,B,0.9440000000000001
582,H,S,0.943
583,H,B,0.9440000000000001
584,H,S,0.943
585,H,B,0.943
586,H,B,0.945
587,H,B,0.9470000000000001
588,H,B,0.9490000000000001
589,H,B,0.972
590,H,B,0.981
591,H,B,0.992
592,H,S,0.983
593,H,S,0.9790000000000001
594,H,S,0.977
595,H,S,0.975
596,H,S,0.9690000000000001
597,H,S,0.968
598,H,S,0.965
599,H,B,0.9690000000000001
600,H,B,0.9690000000000001
601,H,B,0.9690000000000001
602,H,S,0.968
603,H,S,0.966
604,H,S,0.963
605,H,B,0.9640000000000001
606,H,B,0.9670000000000001
607,H,B,0.9670000000000001
608,H,B,0.968
609,H,B,0.968
610,H,S,0.9670000000000001
611,H,B,0.968
612,H,B,0.97
613,H,S,0.9690000000000001
614,H,B,0.97
615,H,B,0.976
616,H,S,0.9740000000000001
617,H,B,0.975
618,H,B,0.976
619,H,B,0.976
620,H,B,0.977
621,H,B,0.978
622,H,S,0.977
623,H,S,0.975
624,H,B,0.975
625,H,B,0.975
626,H,B,0.976
627,H,B,0.976
628,H,B,0.977
629,H,S,0.976
630,H,B,0.981
631,H,B,0.986
632,H,S,0.983
633,H,B,0.9840000000000001
634,H,S,0.983
635,H,B,0.9840000000000001
636,H,B,0.9840000000000001
637,H,B,0.985
638,H,B,0.985
639,H,B,0.986
640,H,B,0.9890000000000001
641,H,B,0.9890000000000001
642,H,S,0.987
643,H,S,0.986
644,H,S,0.985
645,H,S,0.9329999999999999
646,H,S,0.9279999999999999
647,H,S,0.919
648,H,B,0.9229999999999999
649,H,B,0.925
650,H,S,0.9229999999999999
651,H,S,0.9209999999999999
652,H,B,0.9209999999999999
653,H,B,0.9229999999999999
654,H,B,0.9229999999999999
655,H,B,0.927
656,H,B,0.929
657,H,B,0.929
658,H,S,0.9279999999999999
659,H,S,0.927
660,H,B,0.927
661,H,B,0.929
662,H,B,0.929
663,H,S,0.927
664,H,S,0.9259999999999999
665,H,B,0.927
666,H,B,0.9279999999999999
667,H,B,0.929
668,H,B,0.929
669,H,B,0.929
670,H,B,0.929
671,H,B,0.929
672,H,S,0.9279999999999999
673,H,S,0.9259999999999999
674,H,S,0.924
675,H,B,0.9259999999999999
676,H,B,0.927
677,H,S,0.9259999999999999
678,H,B,0.927
679,H,S,0.9259999999999999
680,H,S,0.925
681,H,B,0.925
682,H,S,0.924
683,H,B,0.924
684,H,B,0.925
685,H,S,0.924
686,H,B,0.925
687,H,B,0.925
688,H,S,0.9229999999999999
689,H,B,0.9229999999999999
690,H,S,0.922
691,H,B,0.922
692,H,B,0.924
693,H,B,0.925
694,H,S,0.924
695,H,S,0.9229999999999999
696,H,S,0.919
697,H,B,0.924
698,H,B,0.9259999999999999
699,H,B,0.9259999999999999
700,H,S,0.925
701,H,B,0.9259999999999999
702,H,S,0.924
703,H,B,0.924
704,H,B,0.925
705,H,B,0.925
706,H,B,0.927
707,H,S,0.9259999999999999
708,H,S,0.925
709,H,B,0.925
710,H,B,0.9259999999999999
711,H,B,0.9259999999999999
712,H,B,0.927
713,H,B,0.9309999999999999
714,H,B,0.932
715,H,B,0.932
716,H,B,0.9329999999999999
717,H,S,0.932
718,H,B,0.9329999999999999
719,H,B,0.935
720,H,B,0.935
721,H,S,0.9329999999999999
722,H,S,0.932
723,H,B,0.934
724,H,S,0.932
725,H,B,0.932
726,H,S,0.9309999999999999
727,H,S,0.9259999999999999
728,H,B,0.927
729,H,B,0.927
730,H,B,0.929
731,H,B,0.929
732,H,S,0.927
733,H,S,0.925
734,H,B,0.9259999999999999
735,H,B,0.9279999999999999
736,H,S,0.927
737,H,B,0.9279999999999999
738,H,B,0.9279999999999999
739,H,B,0.9279999999999999
740,H,B,0.9279999999999999
741,H,S,0.9259999999999999
742,H,B,0.927
743,H,B,0.93
744,H,B,0.9309999999999999
745,H,B,0.9309999999999999
746,H,S,0.9279999999999999
747,H,S,0.927
748,H,B,0.9279999999999999
749,H,S,0.927
750,H,B,0.927
751,H,B,0.9279999999999999
752,H,B,0.9279999999999999
753,H,B,0.9279999999999999
754,H,B,0.9279999999999999
755,H,B,0.9279999999999999
756,H,S,0.927
757,H,B,0.929
758,H,B,0.9309999999999999
759,H,S,0.93
760,H,B,0.9309999999999999
761,H,B,0.935
762,H,S,0.934
763,H,S,0.9329999999999999
764,H,B,0.934
765,H,B,0.934
766,H,B,0.935
767,H,B,0.9359999999999999
768,H,S,0.935
769,H,B,0.935
770,H,B,0.937
771,H,B,0.937
772,H,B,0.938
773,H,S,0.937
774,H,B,0.938
775,H,B,0.938
776,H,S,0.937
777,H,B,0.937
778,H,S,0.935
779,H,S,0.934
780,H,B,0.935
781,H,B,0.935
782,H,S,0.934
783,H,B,0.934
784,H,B,0.934
785,H,B,0.9359999999999999
786,H,B,0.9359999999999999
787,H,B,0.937
788,H,B,0.938
789,H,S,0.937
790,H,S,0.9359999999999999
791,H,B,0.9359999999999999
792,H,B,0.9359999999999999
793,H,B,0.9359999999999999
794,H,B,0.9359999999999999
795,H,S,0.9279999999999999
796,H,B,0.9279999999999999
797,H,B,0.9279999999999999
798,H,S,0.925
799,H,B,0.927
800,H,B,0.9279999999999999
801,H,B,0.9279999999999999
802,H,S,0.925
803,H,B,0.932
804,H,S,0.93
805,H,B,0.9329999999999999
806,H,B,0.934
807,H,B,0.935
808,H,B,0.935
809,H,B,0.94
810,H,B,0.9420000000000001
811,H,B,0.9420000000000001
812,H,S,0.941
813,H,S,0.937
814,H,S,0.9359999999999999
815,H,S,0.935
816,H,B,0.937
817,H,B,0.9390000000000001
818,H,B,0.94
819,H,B,0.941
820,H,B,0.941
821,H,S,0.94
822,H,B,0.94
823,H,B,0.94
824,H,B,0.941
825,H,B,0.9440000000000001
826,H,B,0.945
827,H,S,0.9420000000000001
828,H,B,0.943
829,H,S,0.9390000000000001
830,H,B,0.94
831,H,B,0.9420000000000001
832,H,B,0.943
833,H,S,0.9420000000000001
834,H,S,0.94
835,H,S,0.9390000000000001
836,H,B,0.9390000000000001
837,H,S,0.938
838,H,S,0.937
839,H,B,0.9390000000000001
840,H,B,0.9390000000000001
841,H,B,0.9390000000000001
842,H,B,0.943
843,H,B,0.943
844,H,B,0.943
845,H,B,0.943
846,H,S,0.941
847,H,S,0.94
848,H,S,0.9390000000000001
849,H,B,0.941
850,H,B,0.943
851,H,B,0.943
852,H,B,0.943
853,H,B,0.9440000000000001
854,H,B,0.9440000000000001
855,H,S,0.9420000000000001
856,H,B,0.9420000000000001
857,H,B,0.943
858,H,B,0.943
859,H,S,0.94
860,H,B,0.94
861,H,B,0.943
862,H,S,0.941
863,H,S,0.938
864,H,B,0.9390000000000001
865,H,B,0.94
866,H,B,0.94
867,H,S,0.938
868,H,S,0.9359999999999999
869,H,S,0.935
870,H,B,0.938
871,H,B,0.938
872,H,S,0.937
873,H,B,0.937
874,H,B,0.937
875,H,B,0.938
876,H,B,0.9390000000000001
877,H,B,0.943
878,H,B,0.9440000000000001
879,H,B,0.9440000000000001
880,H,S,0.943
881,H,B,0.943
882,H,S,0.9420000000000001
883,H,S,0.9359999999999999
884,H,B,0.9359999999999999
885,H,S,0.9329999999999999
886,H,B,0.9329999999999999
887,H,B,0.934
888,H,S,0.9309999999999999
889,H,B,0.9309999999999999
890,H,S,0.929
891,H,B,0.935
892,H,S,0.9329999999999999
893,H,B,0.9329999999999999
894,H,S,0.932
895,H,B,0.935
896,H,B,0.937
897,H,S,0.9359999999999999
898,H,B,0.9359999999999999
899,H,S,0.9329999999999999
900,H,S,0.932
901,H,B,0.932
902,H,B,0.934
903,H,B,0.9359999999999999
904,H,B,0.937
905,H,B,0.938
906,H,B,0.938
907,H,B,0.9390000000000001
908,H,B,0.94
909,H,S,0.9390000000000001
910,H,B,0.9390000000000001
911,H,B,0.9390000000000001
912,H,B,0.9390000000000001
913,H,B,0.9390000000000001
914,H,S,0.938
915,H,S,0.937
916,H,B,0.937
917,H,B,0.938
918,H,B,0.9390000000000001
919,H,S,0.9359999999999999
920,H,B,0.9359999999999999
921,H,B,0.9359999999999999
922,H,B,0.9359999999999999
923,H,S,0.934
924,H,S,0.932
925,H,B,0.9329999999999999
926,H,S,0.932
927,H,B,0.9329999999999999
928,H,B,0.9329999999999999
929,H,S,0.9309999999999999
930,H,B,0.9309999999999999
931,H,S,0.9259999999999999
932,H,S,0.925
933,H,S,0.924
934,H,B,0.925
935,H,B,0.9259999999999999
936,H,B,0.9259999999999999
937,H,S,0.925
938,H,S,0.924
939,H,B,0.924
940,H,B,0.925
941,H,B,0.9259999999999999
942,H,B,0.9259999999999999
943,H,S,0.924
944,H,B,0.927
945,H,B,0.9279999999999999
946,H,B,0.9279999999999999
947,H,B,0.9279999999999999
948,H,S,0.927
949,H,S,0.9259999999999999
950,H,B,0.927
951,H,B,0.9279999999999999
952,H,B,0.9279999999999999
953,H,B,0.9279999999999999
954,H,B,0.9279999999999999
955,H,S,0.9259999999999999
956,H,B,0.9279999999999999
957,H,B,0.9279999999999999
958,H,S,0.927
959,H,B,0.9279999999999999
960,H,S,0.9259999999999999
961,H,B,0.9259999999999999
962,H,B,0.9259999999999999
963,H,B,0.929
964,H,B,0.9329999999999999
965,H,B,0.9329999999999999
966,H,B,0.934
967,H,S,0.9329999999999999
968,H,B,0.9329999999999999
969,H,B,0.934
970,H,B,0.934
971,H,S,0.9329999999999999
972,H,B,0.9329999999999999
973,H,B,0.935
974,H,B,0.938
975,H,S,0.9359999999999999
976,H,S,0.932
977,H,B,0.932
978,H,B,0.932
979,H,B,0.932
980,H,B,0.932
981,H,B,0.9329999999999999
982,H,S,0.932
983,H,B,0.932
984,H,S,0.9309999999999999
985,H,B,0.9309999999999999
986,H,B,0.932
987,H,B,0.932
988,H,B,0.932
989,H,B,0.932
990,H,S,0.9309999999999999
991,H,S,0.927
992,H,B,0.927
993,H,B,0.9279999999999999
994,H,B,0.9279999999999999
995,H,B,0.9279999999999999
996,H,B,0.929
997,H,B,0.93
998,H,B,0.93
999,H,S,0.929
1000,H,B,0.93
1001,H,B,0.932
1002,H,B,0.932
1003,H,B,0.9329999999999999
1004,H,B,0.9329999999999999
1005,H,B,0.9359999999999999
1006,H,S,0.935
1007,H,S,0.934
1008,H,B,0.934
1009,H,B,0.934
1010,H,S,0.932
1011,H,S,0.93
1012,H,B,0.93
1013,H,B,0.9309999999999999
1014,H,B,0.9309999999999999
1015,H,B,0.9329999999999999
1016,H,S,0.9309999999999999
1017,H,S,0.93
1018,H,B,0.9309999999999999
1019,H,B,0.932
1020,H,S,0.9309999999999999
1021,H,B,0.9309999999999999
1022,H,B,0.932
1023,H,B,0.9329999999999999
1024,H,B,0.934
1025,H,S,0.9329999999999999
1026,H,B,0.9329999999999999
1027,H,B,0.9329999999999999
1028,H,B,0.9329999999999999
1029,H,B,0.934
1030,H,B,0.934
1031,H,B,0.934
1032,H,B,0.934
1033,H,S,0.9329999999999999
1034,H,B,0.9329999999999999
1035,H,B,0.9329999999999999
1036,H,S,0.932
1037,H,S,0.9309999999999999
1038,H,B,0.9309999999999999
1039,H,B,0.932
1040,H,B,0.932
1041,H,B,0.932
1042,H,S,0.93
1043,H,B,0.9309999999999999
1044,H,B,0.9309999999999999
1045,H,S,0.93
1046,H,S,0.9259999999999999
1047,H,B,0.9309999999999999
1048,H,B,0.9309999999999999
1049,H,S,0.929
1050,H,B,0.929
1051,H,S,0.9279999999999999
1052,H,S,0.927
1053,H,B,0.9279999999999999
1054,H,B,0.929
1055,H,S,0.9279999999999999
1056,H,S,0.927
1057,H,S,0.9259999999999999
1058,H,S,0.925
1059,H,S,0.924
1060,H,S,0.919
1061,H,S,0.9179999999999999
1062,H,B,0.9179999999999999
1063,H,S,0.9159999999999999
1064,H,B,0.9159999999999999
1065,H,S,0.9129999999999999
1066,H,B,0.914
1067,H,B,0.9159999999999999
1068,H,S,0.914
1069,H,B,0.914
1070,H,B,0.915
1071,H,B,0.9159999999999999
1072,H,B,0.9159999999999999
1073,H,S,0.915
1074,H,S,0.914
1075,H,B,0.915
1076,H,B,0.915
1077,H,B,0.915
1078,H,B,0.9159999999999999
1079,H,B,0.9159999999999999
1080,H,B,0.917
1081,H,B,0.919
1082,H,B,0.9209999999999999
1083,H,S,0.92
1084,H,B,0.9209999999999999
1085,H,B,0.9279999999999999
1086,H,B,0.937
1087,H,B,0.9390000000000001
1088,H,S,0.937
1089,H,S,0.935
1090,H,B,0.935
1091,H,S,0.934
1092,H,B,0.935
1093,H,B,0.935
1094,H,B,0.9359999999999999
1095,H,B,0.937
1096,H,B,0.9390000000000001
1097,H,B,0.9390000000000001
1098,H,S,0.938
1099,H,S,0.937
1100,H,B,0.937
1101,H,B,0.938
1102,H,B,0.9390000000000001
1103,H,B,0.9390000000000001
1104,H,B,0.94
1105,H,S,0.9390000000000001
1106,H,B,0.94
1107,H,B,0.94
1108,H,S,0.9390000000000001
1109,H,B,0.9390000000000001
1110,H,S,0.937
1111,H,S,0.9359999999999999
1112,H,B,0.937
1113,H,S,0.9359999999999999
1114,H,B,0.9359999999999999
1115,H,B,0.9390000000000001
1116,H,B,0.9390000000000001
1117,H,B,0.9390000000000001
1118,H,S,0.938
1119,H,B,0.938
1120,H,B,0.9390000000000001
1121,H,B,0.9390000000000001
1122,H,B,0.9390000000000001
1123,H,B,0.9390000000000001
1124,H,S,0.938
1125,H,B,0.938
1126,H,B,0.9390000000000001
1127,H,S,0.938
1128,H,S,0.9359999999999999
1129,H,B,0.938
1130,H,S,0.932
1131,H,B,0.9329999999999999
1132,H,B,0.9329999999999999
1133,H,B,0.935
1134,H,B,0.938
1135,H,B,0.94
1136,H,S,0.9390000000000001
1137,H,B,0.9390000000000001
1138,H,B,0.94
1139,H,B,0.94
1140,H,B,0.94
1141,H,B,0.94
1142,H,S,0.9390000000000001
1143,H,B,0.94
1144,H,S,0.9390000000000001
1145,H,B,0.9390000000000001
1146,H,S,0.937
1147,H,S,0.9359999999999999
1148,H,B,0.937
1149,H,S,0.9359999999999999
1150,H,S,0.932
1151,H,B,0.9329999999999999
1152,H,B,0.935
1153,H,S,0.9329999999999999
1154,H,B,0.934
1155,H,B,0.934
1156,H,B,0.935
1157,H,B,0.935
1158,H,S,0.934
1159,H,B,0.934
1160,H,B,0.9359999999999999
1161,H,B,0.938
1162,H,B,0.938
1163,H,S,0.937
1164,H,S,0.9359999999999999
1165,H,B,0.937
1166,H,B,0.937
1167,H,S,0.935
1168,H,B,0.935
1169,H,B,0.9359999999999999
1170,H,S,0.935
1171,H,B,0.935
1172,H,B,0.9359999999999999
1173,H,B,0.937
1174,H,S,0.935
1175,H,B,0.935
1176,H,S,0.934
1177,H,B,0.937
1178,H,B,0.937
1179,H,B,0.937
1180,H,B,0.937
1181,H,S,0.9359999999999999
1182,H,B,0.9359999999999999
1183,H,B,0.937
1184,H,B,0.9420000000000001
1185,H,B,0.9420000000000001
1186,H,B,0.946
1187,H,S,0.9309999999999999
1188,H,B,0.9329999999999999
1189,H,B,0.935
1190,H,B,0.935
1191,H,B,0.935
1192,H,S,0.934
1193,H,B,0.935
1194,H,B,0.9359999999999999
1195,H,S,0.935
1196,H,S,0.934
1197,H,S,0.9329999999999999
1198,H,S,0.932
1199,H,B,0.9329999999999999
1200,H,S,0.932
1201,H,B,0.9329999999999999
1202,H,B,0.9329999999999999
1203,H,B,0.9329999999999999
1204,H,B,0.9329999999999999
1205,H,B,0.934
1206,H,B,0.934
1207,H,B,0.934
1208,H,B,0.934
1209,H,B,0.935
1210,H,B,0.9359999999999999
1211,H,B,0.937
1212,H,S,0.9359999999999999
1213,H,B,0.9359999999999999
1214,H,B,0.9359999999999999
1217,H,B,0.9359999999999999
1218,H,S,0.934
1219,H,B,0.934
1220,H,B,0.935
1221,H,S,0.934
1222,H,B,0.934
1227,H,B,0.937
1228,H,B,0.94
1229,H,S,0.938
1230,H,S,0.937
1231,H,B,0.938
1232,H,S,0.937
1233,H,S,0.934
1234,H,S,0.932
1235,H,B,0.9329999999999999
1236,H,S,0.9309999999999999
1237,H,B,0.9329999999999999
1238,H,B,0.9329999999999999
1239,H,B,0.9329999999999999
1240,H,S,0.932
1241,H,B,0.9329999999999999
1242,H,B,0.9329999999999999
1243,H,S,0.9309999999999999
1244,H,B,0.9329999999999999
1245,H,B,0.9329999999999999
1246,H,S,0.932
1247,H,B,0.934
1248,H,S,0.9329999999999999
1249,H,B,0.9329999999999999
1250,H,B,0.9329999999999999
1251,H,B,0.9329999999999999
1252,H,B,0.9329999999999999
1253,H,B,0.9329999999999999
1254,H,S,0.932
1255,H,B,0.9329999999999999
1256,H,B,0.935
1257,H,B,0.935
1258,H,B,0.9359999999999999
1259,H,B,0.937
1260,H,B,0.9390000000000001
1261,H,S,0.938
1262,H,B,0.9390000000000001
1263,H,S,0.937
1264,H,B,0.9390000000000001
1265,H,B,0.9390000000000001
1266,H,S,0.938
1267,H,S,0.937
1268,H,B,0.9390000000000001
1269,H,B,0.9390000000000001
1270,H,S,0.938
1271,H,B,0.938
1272,H,B,0.9390000000000001
1273,H,S,0.938
1274,H,B,0.9390000000000001
1275,H,B,0.94
1276,H,B,0.94
1277,H,S,0.9390000000000001
1278,H,S,0.938
1279,H,S,0.937
1280,H,B,0.938
1281,H,S,0.937
1282,H,B,0.937
1283,H,S,0.9359999999999999
1284,H,B,0.9359999999999999
1285,H,B,0.9359999999999999
1286,H,S,0.935
1287,H,B,0.935
1288,H,B,0.9359999999999999
1289,H,B,0.937
1290,H,S,0.935
1291,H,B,0.9359999999999999
1292,H,B,0.9359999999999999
1293,H,B,0.9359999999999999
1294,H,B,0.937
1295,H,B,0.938
1296,H,S,0.935
1297,H,B,0.935
1298,H,B,0.935
1299,H,S,0.934
1300,H,B,0.934
1301,H,B,0.935
1302,H,S,0.9329999999999999
1303,H,S,0.932
1304,H,B,0.9329999999999999
1305,H,B,0.9329999999999999
1306,H,B,0.934
1307,H,B,0.934
1308,H,B,0.934
1309,H,B,0.934
1310,H,S,0.932
1311,H,B,0.932
1312,H,S,0.9309999999999999
1313,H,B,0.934
1314,H,B,0.935
1315,H,B,0.9359999999999999
1316,H,S,0.935
1317,H,B,0.935
1318,H,B,0.9359999999999999
1319,H,S,0.935
1320,H,B,0.9359999999999999
1321,H,S,0.934
1322,H,B,0.935
1323,H,B,0.9359999999999999
1324,H,B,0.9359999999999999
1325,H,S,0.935
1326,H,B,0.935
1327,H,B,0.9359999999999999
1328,H,B,0.937
1329,H,B,0.937
1330,H,B,0.937
1331,H,S,0.9359999999999999
1332,H,B,0.9359999999999999
1333,H,B,0.9359999999999999
1334,H,B,0.9359999999999999
1335,H,B,0.938
1336,H,B,0.95
1337,H,S,0.94
1338,H,B,0.94
1339,H,S,0.9390000000000001
1340,H,B,0.9420000000000001
1341,H,B,0.9440000000000001
1342,H,B,0.9440000000000001
1343,H,B,0.9440000000000001
1344,H,B,0.9440000000000001
1345,H,S,0.943
1346,H,B,0.943
1347,H,S,0.9420000000000001
1348,H,B,0.943
1349,H,B,0.945
1350,H,B,0.946
1351,H,B,0.946
1352,H,S,0.945
1353,H,B,0.945
1354,H,B,0.945
1355,H,B,0.946
1356,H,B,0.946
1357,H,B,0.946
1358,H,S,0.945
1359,H,B,0.945
1360,H,B,0.9470000000000001
1361,H,B,0.9490000000000001
1362,H,S,0.948
1363,H,B,0.9490000000000001
1364,H,S,0.948
1365,H,B,0.948
1366,H,B,0.948
1367,H,S,0.946
1368,H,B,0.946
1369,H,B,0.9470000000000001
1370,H,B,0.948
1371,H,B,0.948
1372,H,S,0.9470000000000001
1373,H,B,0.948
1374,H,S,0.9470000000000001
1375,H,B,0.9470000000000001
1376,H,B,0.948
1377,H,S,0.94
1378,H,B,0.941
1379,H,B,0.941
1380,H,B,0.941
1381,H,S,0.9390000000000001
1382,H,B,0.94
1383,H,S,0.9390000000000001
1384,H,B,0.9390000000000001
1385,H,B,0.9390000000000001
1386,H,B,0.9390000000000001
1387,H,S,0.938
1388,H,B,0.938
1389,H,S,0.9359999999999999
1390,H,B,0.937
1391,H,B,0.937
1392,H,S,0.9359999999999999
1393,H,B,0.938
1394,H,B,0.9390000000000001
1395,H,S,0.938
1396,H,S,0.937
1397,H,B,0.937
1398,H,B,0.9390000000000001
1399,H,B,0.9390000000000001
1400,H,S,0.9359999999999999
1401,H,S,0.93
1402,H,S,0.9279999999999999
1403,H,S,0.924
1404,H,S,0.922
1405,H,B,0.9229999999999999
1406,H,S,0.9209999999999999
1407,H,S,0.92
1408,H,S,0.914
1409,H,B,0.914
1410,H,B,0.914
1411,H,B,0.914
1412,H,S,0.9129999999999999
1413,H,S,0.91
1414,H,S,0.897
1415,H,S,0.887
1416,H,B,0.8959999999999999
1417,H,B,0.899
1418,H,B,0.902
1419,H,S,0.9
1420,H,B,0.9
1421,H,S,0.897
1422,H,B,0.897
1423,H,B,0.897
1424,H,S,0.894
1425,H,S,0.893
1426,H,S,0.8909999999999999
1427,H,B,0.894
1428,H,B,0.898
1429,H,B,0.9009999999999999
1430,H,S,0.899
1431,H,B,0.899
1432,H,B,0.9
1433,H,S,0.899
1434,H,B,0.9
1435,H,S,0.898
1436,H,S,0.897
1437,H,S,0.895
1438,H,S,0.893
1439,H,B,0.895
1440,H,B,0.895
1441,H,B,0.897
1442,H,B,0.898
1443,H,S,0.897
1444,H,B,0.898
1445,H,B,0.899
1446,H,B,0.899
1447,H,B,0.899
1448,H,B,0.899
1449,H,B,0.899
1450,H,B,0.9009999999999999
1451,H,B,0.9009999999999999
1452,H,B,0.903
1453,H,B,0.903
1454,H,S,0.902
1455,H,B,0.903
1456,H,S,0.902
1457,H,B,0.902
1458,H,S,0.9009999999999999
1459,H,B,0.903
1460,H,S,0.902
1461,H,B,0.903
1462,H,B,0.903
1463,H,B,0.903
1464,H,B,0.903
1465,H,B,0.904
1466,H,B,0.91
1467,H,S,0.9079999999999999
1468,H,B,0.91
1469,H,B,0.91
1470,H,S,0.909
1471,H,B,0.912
1472,H,S,0.9109999999999999
1473,H,S,0.91
1474,H,B,0.91
1475,H,B,0.9109999999999999
1476,H,S,0.91
1477,H,B,0.9109999999999999
1478,H,B,0.912
1479,H,B,0.914
1480,H,B,0.915
1481,H,S,0.914
1482,H,S,0.9129999999999999
1483,H,S,0.9109999999999999
1484,H,B,0.9109999999999999
1485,H,B,0.9109999999999999
1486,H,B,0.912
1487,H,B,0.9129999999999999
1488,H,B,0.9129999999999999
1489,H,B,0.917
1490,H,S,0.9159999999999999
1491,H,S,0.915
1492,H,S,0.9129999999999999
1493,H,S,0.912
1494,H,S,0.91
1495,H,B,0.9109999999999999
1496,H,B,0.9109999999999999
1497,H,B,0.9129999999999999
1498,H,S,0.91
1499,H,B,0.9109999999999999
1500,H,B,0.9109999999999999
1501,H,S,0.91
1502,H,S,0.905
1503,H,B,0.9059999999999999
1504,H,B,0.9079999999999999
1505,H,B,0.91
1506,H,B,0.91
1507,H,B,0.9129999999999999
1508,H,S,0.9109999999999999
1509,H,B,0.9109999999999999
1510,H,B,0.9109999999999999
1511,H,B,0.9109999999999999
1512,H,B,0.914
1513,H,B,0.915
1514,H,S,0.914
1515,H,B,0.914
1516,H,B,0.914
1517,H,S,0.9129999999999999
1518,H,B,0.914
1519,H,B,0.914
1520,H,B,0.9159999999999999
1521,H,S,0.915
1522,H,S,0.9129999999999999
1523,H,B,0.914
1524,H,B,0.915
1525,H,S,0.914
1526,H,S,0.9129999999999999
1527,H,B,0.9129999999999999
1528,H,S,0.912
1529,H,B,0.912
1530,H,B,0.9129999999999999
1531,H,B,0.9129999999999999
1532,H,S,0.9109999999999999
1533,H,B,0.9109999999999999
1534,H,B,0.9109999999999999
1535,H,S,0.91
1536,H,B,0.9109999999999999
1537,H,B,0.9109999999999999
1538,H,S,0.909
1539,H,S,0.9079999999999999
1540,H,S,0.907
1541,H,B,0.9079999999999999
1542,H,B,0.9079999999999999
1543,H,S,0.907
1544,H,B,0.9079999999999999
1545,H,B,0.909
1546,H,B,0.909
1547,H,B,0.909
1548,H,B,0.9109999999999999
1549,H,B,0.912
1550,H,S,0.9109999999999999
1551,H,B,0.912
1552,H,B,0.912
1553,H,B,0.912
1554,H,S,0.9109999999999999
1555,H,B,0.912
1556,H,B,0.9129999999999999
1557,H,B,0.9129999999999999
1558,H,S,0.912
1559,H,B,0.912
1560,H,B,0.9129999999999999
1561,H,S,0.91
1562,H,B,0.9109999999999999
1563,H,S,0.91
1564,H,S,0.909
1565,H,B,0.91
1566,H,S,0.909
1567,H,B,0.909
1568,H,B,0.912
1569,H,S,0.9109999999999999
1570,H,B,0.9109999999999999
1571,H,S,0.91
1572,H,B,0.91
1573,H,B,0.9109999999999999
1574,H,B,0.912
1575,H,B,0.912
1576,H,B,0.912
1577,H,B,0.9129999999999999
1578,H,B,0.9129999999999999
1579,H,S,0.912
1580,H,B,0.912
1581,H,B,0.912
1582,H,S,0.9109999999999999
1583,H,B,0.912
1584,H,S,0.9109999999999999
1585,H,B,0.912
1586,H,B,0.9129999999999999
1587,H,S,0.912
1588,H,B,0.912
1589,H,B,0.912
1590,H,B,0.9129999999999999
1591,H,B,0.9129999999999999
1592,H,S,0.912
1593,H,B,0.912
1594,H,B,0.912
1595,H,S,0.9059999999999999
1596,H,B,0.909
1597,H,S,0.9079999999999999
1598,H,B,0.9079999999999999
1599,H,B,0.909
1600,H,B,0.909
1601,H,B,0.91
1602,H,B,0.9109999999999999
1603,H,B,0.9109999999999999
1604,H,S,0.91
1605,H,B,0.9109999999999999
1606,H,B,0.912
1607,H,B,0.9129999999999999
1608,H,B,0.9129999999999999
1609,H,B,0.914
1610,H,S,0.9129999999999999
1611,H,S,0.912
1612,H,B,0.9129999999999999
1613,H,S,0.912
1614,H,B,0.912
1615,H,B,0.912
1616,H,B,0.9129999999999999
1617,H,B,0.9129999999999999
1618,H,S,0.912
1619,H,B,0.912
1620,H,B,0.912
1621,H,S,0.9109999999999999
1622,H,B,0.9109999999999999
1623,H,S,0.91
1624,H,B,0.9109999999999999
1625,H,S,0.91
1626,H,B,0.91
1627,H,B,0.9109999999999999
1628,H,B,0.9109999999999999
1629,H,S,0.91
1630,H,B,0.9109999999999999
1631,H,S,0.91
1632,H,S,0.909
1633,H,S,0.907
1634,H,B,0.9079999999999999
1635,H,B,0.909
1636,H,S,0.907
1637,H,B,0.909
1638,H,B,0.91
1639,H,B,0.91
1640,H,B,0.91
1641,H,B,0.9109999999999999
1642,H,S,0.91
1643,H,B,0.91
1644,H,B,0.91
1645,H,B,0.91
1646,H,B,0.9109999999999999
1647,H,S,0.91
1648,H,B,0.9109999999999999
1649,H,B,0.9109999999999999
1650,H,B,0.9109999999999999
1651,H,B,0.9109999999999999
1652,H,B,0.9109999999999999
1653,H,S,0.909
1654,H,B,0.909
1655,H,S,0.907
1656,H,B,0.9079999999999999
1657,H,S,0.907
1658,H,B,0.909
1659,H,B,0.909
1660,H,S,0.907
1661,H,S,0.903
1662,H,B,0.905
1663,H,B,0.9059999999999999
1664,H,B,0.9079999999999999
1665,H,B,0.91
1666,H,S,0.9079999999999999
1667,H,B,0.909
1668,H,S,0.9079999999999999
1669,H,B,0.9079999999999999
1670,H,B,0.9079999999999999
1671,H,S,0.9059999999999999
1672,H,B,0.907
1673,H,S,0.9059999999999999
1674,H,S,0.905
1675,H,B,0.9059999999999999
1676,H,B,0.9059999999999999
1677,H,B,0.9059999999999999
1678,H,B,0.907
1679,H,B,0.9079999999999999
1680,H,B,0.9079999999999999
1681,H,B,0.9079999999999999
1682,H,S,0.907
1683,H,B,0.907
1684,H,S,0.9059999999999999
1685,H,S,0.904
1686,H,S,0.903
1687,H,S,0.902
1688,H,B,0.902
1689,H,B,0.907
1690,H,S,0.9059999999999999
1691,H,S,0.905
1692,H,S,0.904
1693,H,S,0.902
1694,H,S,0.9009999999999999
1695,H,B,0.902
1696,H,B,0.903
1697,H,S,0.9009999999999999
1698,H,S,0.898
1699,H,B,0.898
1700,H,S,0.894
1701,H,B,0.895
1702,H,S,0.893
1703,H,B,0.895
1704,H,S,0.894
1705,H,S,0.892
1706,H,S,0.889
1707,H,S,0.885
1708,H,B,0.8859999999999999
1709,H,B,0.888
1710,H,B,0.888
1711,H,S,0.887
1712,H,S,0.884
1713,H,S,0.883
1714,H,S,0.875
1715,H,B,0.877
1716,H,S,0.8740000000000001
1717,H,S,0.868
1718,H,B,0.8740000000000001
1719,H,B,0.8740000000000001
1720,H,B,0.878
1721,H,B,0.8809999999999999
1722,H,B,0.8809999999999999
1723,H,B,0.884
1724,H,B,0.884
1725,H,B,0.884
1726,H,S,0.883
1727,H,B,0.884
1728,H,B,0.885
1729,H,S,0.884
1730,H,S,0.882
1731,H,S,0.8809999999999999
1732,H,S,0.88
1733,H,B,0.8809999999999999
1734,H,B,0.883
1735,H,S,0.882
1736,H,B,0.882
1737,H,S,0.8809999999999999
1738,H,B,0.8809999999999999
1739,H,S,0.88
1740,H,S,0.879
1741,H,S,0.878
1742,H,B,0.8809999999999999
1743,H,B,0.887
1744,H,B,0.889
1745,H,S,0.888
1746,H,B,0.888
1747,H,B,0.8909999999999999
1748,H,B,0.8959999999999999
1749,H,B,0.897
1750,H,B,0.9009999999999999
1751,H,B,0.904
1752,H,S,0.9009999999999999
1753,H,B,0.903
1754,H,B,0.903
1755,H,S,0.9009999999999999
1756,H,B,0.902
1757,H,B,0.902
1758,H,B,0.9059999999999999
1759,H,S,0.904
1760,H,B,0.9059999999999999
1761,H,B,0.9079999999999999
1762,H,S,0.905
1763,H,B,0.9059999999999999
1764,H,B,0.9059999999999999
1765,H,S,0.905
1766,H,B,0.9059999999999999
1767,H,B,0.907
1768,H,B,0.912
1769,H,S,0.91
1770,H,B,0.91
1771,H,S,0.907
1772,H,B,0.907
1773,H,S,0.905
1774,H,B,0.905
1775,H,B,0.907
1776,H,B,0.907
1777,H,S,0.9059999999999999
1778,H,S,0.905
1779,H,S,0.904
1780,H,S,0.903
1781,H,S,0.9009999999999999
1782,H,B,0.903
1783,H,B,0.903
1784,H,B,0.903
1785,H,S,0.902
1786,H,S,0.9009999999999999
1787,H,B,0.902
1788,H,B,0.9059999999999999
1789,H,B,0.9109999999999999
1790,H,B,0.915
1791,H,B,0.917
1792,H,S,0.9159999999999999
1793,H,S,0.915
1794,H,B,0.9159999999999999
1795,H,S,0.915
1796,H,B,0.9159999999999999
1797,H,S,0.914
1798,H,B,0.914
1799,H,B,0.914
1800,H,B,0.915
1801,H,S,0.914
1802,H,S,0.909
1803,H,S,0.9079999999999999
1804,H,B,0.91
1805,H,B,0.91
1806,H,B,0.912
1807,H,S,0.9109999999999999
1808,H,S,0.91
1809,H,B,0.9109999999999999
1810,H,B,0.912
1811,H,B,0.915
1812,H,S,0.9129999999999999
1813,H,S,0.912
1814,H,B,0.914
1815,H,B,0.914
1816,H,B,0.9159999999999999
1817,H,B,0.9159999999999999
1818,H,S,0.915
1819,H,S,0.914
1820,H,B,0.9159999999999999
1821,H,S,0.915
1822,H,B,0.915
1823,H,B,0.917
1824,H,B,0.92
1825,H,S,0.919
1826,H,S,0.9179999999999999
1827,H,B,0.92
1828,H,B,0.92
1829,H,S,0.919
1830,H,S,0.917
1831,H,S,0.914
1832,H,B,0.914
1833,H,B,0.914
1834,H,B,0.914
1835,H,S,0.9129999999999999
1836,H,B,0.9159999999999999
1837,H,B,0.9179999999999999
1838,H,S,0.917
1839,H,B,0.917
1840,H,S,0.915
1841,H,B,0.915
1842,H,S,0.914
1843,H,B,0.9179999999999999
1844,H,S,0.917
1845,H,S,0.9159999999999999
1846,H,B,0.9159999999999999
1847,H,B,0.917
1848,H,B,0.9179999999999999
1849,H,B,0.9179999999999999
1850,H,S,0.917
1851,H,S,0.9159999999999999
1852,H,B,0.917
1853,H,B,0.9179999999999999
1854,H,B,0.919
1855,H,B,0.919
1856,H,S,0.9179999999999999
1857,H,B,0.9179999999999999
1858,H,B,0.919
1859,H,B,0.92
1860,H,S,0.919
1861,H,B,0.919
1862,H,B,0.919
1863,H,B,0.919
1864,H,S,0.9179999999999999
1865,H,S,0.9159999999999999
1866,H,S,0.915
1867,H,B,0.915
1868,H,S,0.914
1869,H,B,0.914
1870,H,S,0.9129999999999999
1871,H,B,0.914
1872,H,S,0.9129999999999999
1873,H,S,0.912
1874,H,S,0.9109999999999999
1875,H,B,0.912
1876,H,B,0.9129999999999999
1877,H,B,0.9129999999999999
1878,H,B,0.9129999999999999
1879,H,B,0.9129999999999999
1880,H,B,0.914
1881,H,B,0.914
1882,H,S,0.912
1883,H,B,0.912
1884,H,S,0.9109999999999999
1885,H,B,0.912
1886,H,B,0.914
1887,H,B,0.914
1888,H,B,0.914
1889,H,B,0.914
1890,H,B,0.9159999999999999
1891,H,B,0.917
1892,H,B,0.9179999999999999
1893,H,S,0.917
1894,H,B,0.9179999999999999
1895,H,B,0.9179999999999999
1896,H,B,0.9179999999999999
1897,H,B,0.919
1898,H,S,0.9179999999999999
1899,H,B,0.919
1900,H,S,0.9179999999999999
1901,H,B,0.9179999999999999
1902,H,S,0.917
1903,H,B,0.919
1904,H,S,0.9179999999999999
1905,H,B,0.9179999999999999
1906,H,B,0.92
1907,H,B,0.92
1908,H,B,0.92
1909,H,B,0.92
1910,H,S,0.917
1911,H,B,0.917
1912,H,S,0.915
1913,H,B,0.9159999999999999
1914,H,S,0.912
1915,H,B,0.912
1916,H,B,0.9129999999999999
1917,H,B,0.9129999999999999
1918,H,B,0.9129999999999999
1919,H,S,0.9109999999999999
1920,H,B,0.9109999999999999
1921,H,S,0.909
1922,H,S,0.9079999999999999
1923,H,B,0.909
1924,H,B,0.91
1925,H,B,0.912
1926,H,S,0.9109999999999999
1927,H,S,0.91
1928,H,B,0.9109999999999999
1929,H,B,0.9109999999999999
1930,H,B,0.9109999999999999
1931,H,S,0.91
1932,H,S,0.9079999999999999
1933,H,S,0.905
1934,H,S,0.902
1935,H,B,0.905
1936,H,B,0.907
1937,H,B,0.9079999999999999
1938,H,B,0.91
1939,H,B,0.9109999999999999
1940,H,B,0.9109999999999999
1941,H,S,0.91
1942,H,B,0.9109999999999999
1943,H,B,0.9129999999999999
1944,H,B,0.9129999999999999
1945,H,B,0.9129999999999999
1946,H,B,0.914
1947,H,B,0.915
1948,H,S,0.9129999999999999
1949,H,S,0.912
1950,H,S,0.9109999999999999
1951,H,B,0.912
1952,H,B,0.9129999999999999
1953,H,S,0.912
1954,H,S,0.9109999999999999
1955,H,B,0.9109999999999999
1956,H,S,0.91
1957,H,B,0.9109999999999999
1958,H,S,0.91
1959,H,B,0.91
1960,H,B,0.91
1961,H,B,0.9109999999999999
1962,H,B,0.9109999999999999
1963,H,S,0.91
1964,H,B,0.91
1965,H,S,0.909
1966,H,B,0.909
1967,H,B,0.91
1968,H,B,0.9109999999999999
1969,H,B,0.9109999999999999
1970,H,S,0.91
1971,H,B,0.9109999999999999
1972,H,B,0.912
1973,H,B,0.9129999999999999
1974,H,B,0.9129999999999999
1975,H,B,0.9129999999999999
1976,H,B,0.9129999999999999
1977,H,B,0.915
1978,H,S,0.912
1979,H,B,0.912
1980,H,B,0.912
1981,H,S,0.9109999999999999
1982,H,B,0.9129999999999999
1983,H,S,0.91
1984,H,B,0.9109999999999999
1985,H,B,0.9129999999999999
1986,H,B,0.9129999999999999
1987,H,B,0.9129999999999999
1988,H,B,0.9129999999999999
1989,H,B,0.9129999999999999
1990,H,B,0.9129999999999999
1991,H,B,0.9129999999999999
1992,H,B,0.9129999999999999
1993,H,B,0.9129999999999999
1994,H,S,0.912
1995,H,B,0.912
1996,H,S,0.9109999999999999
1997,H,B,0.912
1998,H,B,0.912
1999,H,B,0.9129999999999999
2000,H,B,0.914
2001,H,B,0.914
2002,H,S,0.9129999999999999
2003,H,B,0.9129999999999999
2004,H,S,0.9109999999999999
2005,H,B,0.9109999999999999
2006,H,B,0.912
2007,H,B,0.912
2008,H,B,0.9129999999999999
2009,H,B,0.914
2010,H,B,0.914
2011,H,S,0.9129999999999999
2012,H,S,0.912
2013,H,B,0.912
2014,H,B,0.912
2015,H,S,0.91
2016,H,B,0.912
2017,H,B,0.9129999999999999
2018,H,S,0.912
2019,H,B,0.912
2020,H,S,0.909
2021,H,S,0.9079999999999999
2022,H,S,0.904
2023,H,B,0.905
2024,H,B,0.909
2025,H,B,0.909
2026,H,B,0.909
2027,H,B,0.909
2028,H,B,0.909
2029,H,B,0.909
2030,H,B,0.9109999999999999
2031,H,B,0.912
2032,H,S,0.91
2033,H,S,0.909
2034,H,S,0.9079999999999999
2035,H,S,0.907
2036,H,B,0.909
2037,H,S,0.9079999999999999
2038,H,S,0.907
2039,H,S,0.905
2040,H,S,0.903
2041,H,B,0.904
2042,H,B,0.904
2043,H,S,0.9009999999999999
2044,H,S,0.9
2045,H,B,0.9
2046,H,S,0.898
2047,H,B,0.9009999999999999
2048,H,B,0.902
2049,H,B,0.903
2050,H,S,0.902
2051,H,B,0.902
2052,H,B,0.902
2053,H,B,0.903
2054,H,B,0.905
2055,H,S,0.904
2056,H,S,0.903
2057,H,S,0.902
2058,H,S,0.9009999999999999
2059,H,B,0.9009999999999999
2060,H,S,0.9
2061,H,B,0.9009999999999999
2062,H,S,0.9
2063,H,B,0.902
2064,H,B,0.903
2065,H,B,0.909
2066,H,B,0.909
2067,H,S,0.9079999999999999
2068,H,B,0.909
2069,H,B,0.91
2070,H,B,0.9109999999999999
2071,H,B,0.912
2072,H,S,0.9109999999999999
2073,H,B,0.9109999999999999
2074,H,S,0.91
2075,H,B,0.9109999999999999
2076,H,B,0.912
2077,H,S,0.9079999999999999
2078,H,S,0.907
2079,H,B,0.9079999999999999
2080,H,B,0.909
2081,H,B,0.91
2082,H,S,0.909
2083,H,B,0.909
2084,H,B,0.91
2085,H,B,0.9109999999999999
2086,H,S,0.91
2087,H,B,0.91
2088,H,B,0.9109999999999999
2089,H,B,0.9109999999999999
2090,H,S,0.9079999999999999
2091,H,S,0.9059999999999999
2092,H,B,0.907
2093,H,B,0.907
2094,H,S,0.905
2095,H,B,0.9059999999999999
2096,H,S,0.905
2097,H,B,0.905
2098,H,S,0.904
2099,H,B,0.9059999999999999
2100,H,B,0.907
2101,H,B,0.9079999999999999
2102,H,S,0.905
2103,H,S,0.904
2104,H,B,0.904
2105,H,B,0.904
2106,H,B,0.9059999999999999
2107,H,B,0.9059999999999999
2108,H,S,0.905
2109,H,B,0.9059999999999999
2110,H,B,0.9079999999999999
2111,H,B,0.9079999999999999
2112,H,B,0.9079999999999999
2113,H,S,0.905
2114,H,B,0.905
2115,H,S,0.904
2116,H,S,0.903
2117,H,B,0.905
2118,H,B,0.907
2119,H,B,0.907
2120,H,S,0.9059999999999999
2121,H,B,0.9059999999999999
2122,H,B,0.907
2123,H,B,0.907
2124,H,B,0.907
2125,H,B,0.907
2126,H,B,0.907
2127,H,B,0.907
2128,H,B,0.9079999999999999
2129,H,B,0.909
2130,H,B,0.909
2131,H,S,0.9079999999999999
2132,H,S,0.905
2133,H,B,0.905
2134,H,B,0.9059999999999999
2135,H,B,0.907
2136,H,S,0.9059999999999999
2137,H,S,0.905
2138,H,B,0.905
2139,H,B,0.907
2140,H,S,0.9059999999999999
2141,H,B,0.9059999999999999
2142,H,B,0.907
2143,H,S,0.9059999999999999
2144,H,B,0.9059999999999999
2145,H,S,0.905
2146,H,B,0.905
2147,H,B,0.905
2148,H,S,0.904
2149,H,B,0.904
2150,H,B,0.904
2151,H,B,0.904
2152,H,B,0.904
2153,H,B,0.904
2154,H,B,0.904
2155,H,B,0.904
2156,H,B,0.904
2157,H,B,0.904
2158,H,B,0.905
2159,H,B,0.907
2160,H,S,0.9059999999999999
2161,H,B,0.9059999999999999
2162,H,B,0.9059999999999999
2163,H,S,0.905
2164,H,S,0.904
2165,H,B,0.904
2166,H,B,0.904
2167,H,B,0.904
2168,H,B,0.904
2169,H,B,0.904
2170,H,S,0.903
2171,H,S,0.9009999999999999
2172,H,B,0.902
2173,H,S,0.9009999999999999
2174,H,B,0.903
2175,H,B,0.903
2176,H,B,0.903
2177,H,B,0.903
2178,H,B,0.903
2179,H,B,0.903
2180,H,S,0.902
2181,H,B,0.903
2182,H,B,0.903
2183,H,B,0.904
2184,H,B,0.907
2185,H,S,0.9059999999999999
2186,H,B,0.9059999999999999
2187,H,S,0.905
2188,H,B,0.9059999999999999
2189,H,B,0.907
2190,H,B,0.907
2191,H,B,0.9079999999999999
2192,H,B,0.9079999999999999
2193,H,B,0.9079999999999999
2194,H,B,0.909
2195,H,B,0.91
2196,H,B,0.9109999999999999
2197,H,B,0.9109999999999999
2198,H,B,0.9109999999999999
2199,H,S,0.91
2200,H,B,0.91
2201,H,B,0.91
2202,H,B,0.9109999999999999
2203,H,B,0.9109999999999999
2204,H,S,0.91
2205,H,B,0.91
2206,H,B,0.9109999999999999
2207,H,B,0.9109999999999999
2208,H,B,0.9109999999999999
2209,H,B,0.912
2210,H,B,0.912
2211,H,B,0.912
2212,H,S,0.9109999999999999
2213,H,S,0.91
2214,H,B,0.91
2215,H,B,0.91
2216,H,B,0.9109999999999999
2217,H,B,0.912
2218,H,S,0.9109999999999999
2219,H,B,0.912
2220,H,B,0.912
2221,H,B,0.912
2222,H,B,0.9129999999999999
2223,H,B,0.9129999999999999
2224,H,S,0.912
2225,H,B,0.912
2226,H,B,0.912
2227,H,S,0.9109999999999999
2228,H,B,0.9109999999999999
2229,H,B,0.9109999999999999
2230,H,B,0.9109999999999999
2231,H,B,0.9109999999999999
2232,H,B,0.9109999999999999
2233,H,S,0.91
2234,H,B,0.9109999999999999
2235,H,B,0.9109999999999999
2236,H,B,0.9109999999999999
2237,H,S,0.91
2238,H,S,0.909
2239,H,B,0.909
2240,H,B,0.91
2241,H,S,0.909
2242,H,B,0.909
2243,H,B,0.91
2244,H,B,0.91
2245,H,S,0.909
2246,H,B,0.909
2247,H,B,0.909
2248,H,S,0.9079999999999999
2249,H,B,0.9079999999999999
2250,H,B,0.909
2251,H,B,0.909
2252,H,B,0.909
2253,H,S,0.9079999999999999
2254,H,B,0.909
2255,H,B,0.909
2256,H,B,0.909
2257,H,B,0.9109999999999999
2258,H,B,0.9109999999999999
2259,H,S,0.91
2260,H,S,0.909
2261,H,B,0.91
2262,H,S,0.909
2263,H,B,0.909
2264,H,B,0.909
2265,H,S,0.9079999999999999
2266,H,B,0.9079999999999999
2267,H,S,0.9059999999999999
2268,H,B,0.9059999999999999
2269,H,B,0.9059999999999999
2270,H,B,0.9059999999999999
2271,H,B,0.907
2272,H,B,0.9079999999999999
2273,H,B,0.9079999999999999
2274,H,S,0.9059999999999999
2275,H,S,0.905
2276,H,B,0.905
2277,H,B,0.9059999999999999
2278,H,B,0.9059999999999999
2279,H,B,0.9059999999999999
2280,H,S,0.905
2281,H,B,0.905
2282,H,S,0.904
2283,H,B,0.905
2284,H,S,0.904
2285,H,B,0.904
2286,H,S,0.903
2287,H,B,0.905
2288,H,B,0.9059999999999999
2289,H,B,0.9059999999999999
2290,H,B,0.907
2291,H,B,0.907
2292,H,B,0.9079999999999999
2293,H,B,0.91
2294,H,B,0.9109999999999999
2295,H,S,0.91
2296,H,B,0.91
2297,H,B,0.9109999999999999
2298,H,S,0.91
2299,H,B,0.91
2300,H,B,0.91
2301,H,B,0.912
2302,H,S,0.9109999999999999
2303,H,B,0.9109999999999999
2304,H,B,0.9129999999999999
2305,H,B,0.915
2306,H,B,0.915
2307,H,S,0.914
2308,H,B,0.914
2309,H,S,0.9129999999999999
2310,H,B,0.9129999999999999
2311,H,B,0.914
2312,H,B,0.914
2313,H,B,0.915
2314,H,S,0.914
2315,H,S,0.9129999999999999
2316,H,B,0.9129999999999999
2317,H,S,0.912
2318,H,B,0.9129999999999999
2319,H,B,0.9129999999999999
2320,H,B,0.9129999999999999
2321,H,B,0.9129999999999999
2322,H,B,0.9129999999999999
2323,H,B,0.915
2324,H,S,0.914
2325,H,B,0.915
2326,H,B,0.915
2327,H,B,0.915
2328,H,B,0.917
2329,H,B,0.917
2330,H,B,0.9179999999999999
2331,H,B,0.919
2332,H,B,0.92
2333,H,S,0.919
2334,H,S,0.9179999999999999
2335,H,S,0.917
2336,H,B,0.917
2337,H,S,0.9159999999999999
2338,H,S,0.915
2339,H,B,0.915
2340,H,B,0.9159999999999999
2341,H,B,0.9159999999999999
2342,H,B,0.9159999999999999
2343,H,B,0.917
2344,H,B,0.9209999999999999
2345,H,B,0.9229999999999999
2346,H,B,0.925
2347,H,S,0.924
2348,H,B,0.9259999999999999
2349,H,B,0.9259999999999999
2350,H,B,0.9259999999999999
2351,H,S,0.925
2352,H,B,0.9259999999999999
2353,H,S,0.925
2354,H,B,0.925
2355,H,S,0.9229999999999999
2356,H,B,0.924
2357,H,B,0.924
2358,H,B,0.925
2359,H,B,0.9259999999999999
2360,H,B,0.929
2361,H,B,0.935
2362,H,B,0.935
2363,H,S,0.934
2364,H,S,0.9329999999999999
2365,H,S,0.9309999999999999
2366,H,S,0.93
2367,H,B,0.9309999999999999
2368,H,B,0.9309999999999999
2369,H,B,0.932
2370,H,B,0.932
2371,H,B,0.9329999999999999
2372,H,B,0.934
2373,H,S,0.932
2374,H,S,0.9309999999999999
2375,H,B,0.9309999999999999
2376,H,B,0.9309999999999999
2377,H,S,0.929
2378,H,B,0.929
2379,H,B,0.929
2380,H,S,0.9279999999999999
2381,H,B,0.929
2382,H,S,0.927
2383,H,B,0.9279999999999999
2384,H,B,0.9279999999999999
2385,H,B,0.929
2386,H,S,0.9279999999999999
2387,H,B,0.9279999999999999
2388,H,B,0.9279999999999999
2389,H,B,0.9279999999999999
2390,H,B,0.9279999999999999
2391,H,B,0.9279999999999999
2392,H,B,0.9279999999999999
2393,H,B,0.9279999999999999
2394,H,B,0.9279999999999999
2395,H,B,0.9279999999999999
2396,H,B,0.9279999999999999
2397,H,S,0.927
2398,H,B,0.9279999999999999
2399,H,B,0.9279999999999999
2400,H,S,0.927
2401,H,S,0.9259999999999999
2402,H,S,0.924
2403,H,B,0.925
2404,H,S,0.924
2405,H,B,0.924
2406,H,B,0.925
2407,H,S,0.924
2408,H,B,0.925
2409,H,B,0.925
2410,H,S,0.924
2411,H,B,0.925
2412,H,B,0.927
2413,H,B,0.927
2414,H,S,0.925
2415,H,B,0.9259999999999999
2416,H,B,0.9259999999999999
2417,H,S,0.925
2418,H,B,0.925
2419,H,B,0.927
2420,H,S,0.9259999999999999
2421,H,B,0.9259999999999999
2422,H,B,0.927
2423,H,S,0.9259999999999999
2424,H,B,0.9259999999999999
2425,H,B,0.927
2426,H,B,0.93
2427,H,B,0.9309999999999999
2428,H,S,0.93
2429,H,S,0.929
2430,H,B,0.929
2431,H,B,0.93
2432,H,S,0.929
2433,H,S,0.9279999999999999
2434,H,B,0.929
2435,H,B,0.929
2436,H,B,0.929
2437,H,B,0.9309999999999999
2438,H,S,0.93
2439,H,B,0.93
2440,H,B,0.93
2441,H,B,0.93
2442,H,S,0.929
2443,H,B,0.93
2444,H,S,0.929
2445,H,S,0.9279999999999999
2446,H,S,0.927
2447,H,B,0.9279999999999999
2448,H,B,0.9279999999999999
2449,H,B,0.9279999999999999
2450,H,B,0.9279999999999999
2451,H,S,0.9259999999999999
2452,H,S,0.925
2453,H,B,0.925
2454,H,B,0.925
2455,H,S,0.924
2456,H,B,0.9259999999999999
2457,H,S,0.925
2458,H,B,0.927
2459,H,S,0.9259999999999999
2460,H,S,0.925
2461,H,B,0.9259999999999999
2462,H,B,0.927
2463,H,B,0.9279999999999999
2464,H,S,0.927
2465,H,B,0.927
2466,H,B,0.9279999999999999
2467,H,S,0.927
2468,H,B,0.927
2469,H,B,0.927
2470,H,B,0.927
2471,H,B,0.927
2472,H,B,0.927
2473,H,B,0.9279999999999999
2474,H,S,0.927
2475,H,B,0.927
2476,H,B,0.927
2477,H,B,0.9279999999999999
2478,H,S,0.927
2479,H,B,0.9279999999999999
2480,H,B,0.9279999999999999
2481,H,B,0.9279999999999999
2482,H,S,0.9259999999999999
2483,H,S,0.9209999999999999
2484,H,S,0.917
2485,H,B,0.92
2486,H,S,0.919
2487,H,B,0.919
2488,H,S,0.9179999999999999
2489,H,S,0.917
2490,H,B,0.917
2491,H,B,0.917
2492,H,B,0.917
2493,H,S,0.9159999999999999
2494,H,S,0.904
2495,H,B,0.905
2496,H,S,0.904
2497,H,S,0.902
2498,H,B,0.902
2499,H,B,0.903
2500,H,B,0.904
2501,H,B,0.9059999999999999
2502,H,B,0.9079999999999999
2503,H,B,0.909
2504,H,S,0.9079999999999999
2505,H,S,0.904
2506,H,S,0.903
2507,H,S,0.9009999999999999
2508,H,S,0.9
2509,H,S,0.899
2510,H,B,0.899
2511,H,S,0.897
2512,H,S,0.894
2513,H,B,0.8959999999999999
2514,H,B,0.897
2515,H,B,0.898
2516,H,B,0.899
2517,H,B,0.899
2518,H,S,0.897
2519,H,B,0.898
2520,H,B,0.9
2521,H,B,0.9009999999999999
2522,H,B,0.9009999999999999
2523,H,B,0.9009999999999999
2524,H,B,0.9009999999999999
2525,H,S,0.9
2526,H,B,0.9
2527,H,B,0.9
2528,H,B,0.9009999999999999
2529,H,B,0.9009999999999999
2530,H,S,0.899
2531,H,S,0.894
2532,H,B,0.895
2533,H,B,0.8959999999999999
2534,H,B,0.897
2535,H,B,0.897
2536,H,S,0.8959999999999999
2537,H,B,0.899
2538,H,B,0.9
2539,H,B,0.9
2540,H,S,0.898
2541,H,S,0.897
2542,H,B,0.897
2543,H,S,0.895
2544,H,B,0.895
2545,H,B,0.897
2546,H,B,0.897
2547,H,S,0.8959999999999999
2548,H,B,0.8959999999999999
2549,H,S,0.895
2550,H,B,0.895
2551,H,S,0.892
2552,H,S,0.883
2553,H,S,0.8759999999999999
2554,H,B,0.879
2555,H,B,0.883
2556,H,B,0.883
2557,H,B,0.884
2558,H,S,0.882
2559,H,B,0.883
2560,H,B,0.887
2561,H,B,0.889
2562,H,B,0.89
2563,H,S,0.889
2564,H,B,0.89
2565,H,B,0.89
2566,H,S,0.888
2567,H,B,0.888
2568,H,B,0.889
2569,H,B,0.895
2570,H,B,0.899
2571,H,B,0.9009999999999999
2572,H,B,0.9009999999999999
2573,H,S,0.9
2574,H,B,0.9
2575,H,B,0.9
2576,H,S,0.898
2577,H,B,0.899
2578,H,B,0.9
2579,H,B,0.9
2580,H,S,0.899
2581,H,B,0.9
2582,H,B,0.9009999999999999
2583,H,S,0.897
2584,H,S,0.892
2585,H,B,0.893
2586,H,S,0.892
2587,H,B,0.894
2588,H,B,0.895
2589,H,S,0.893
2590,H,B,0.893
2591,H,B,0.895
2592,H,B,0.897
2593,H,B,0.898
2594,H,S,0.8959999999999999
2595,H,B,0.897
2596,H,S,0.895
2597,H,B,0.895
2598,H,S,0.894
2599,H,B,0.899
2600,H,B,0.9
2601,H,B,0.9
2602,H,S,0.899
2603,H,B,0.899
2604,H,B,0.9
2605,H,S,0.899
2606,H,S,0.898
2607,H,B,0.898
2608,H,B,0.899
2609,H,B,0.9009999999999999
2610,H,B,0.9009999999999999
2611,H,B,0.9009999999999999
2612,H,B,0.9009999999999999
2613,H,B,0.9009999999999999
2614,H,S,0.9
2615,H,B,0.902
2616,H,B,0.902
2617,H,S,0.9009999999999999
2618,H,B,0.902
2619,H,S,0.899
2620,H,S,0.895
2621,H,B,0.8959999999999999
2622,H,B,0.897
2623,H,S,0.8959999999999999
2624,H,B,0.897
2625,H,S,0.8959999999999999
2626,H,S,0.894
2627,H,B,0.898
2628,H,B,0.9
2629,H,B,0.9
2630,H,S,0.899
2631,H,B,0.899
2632,H,S,0.897
2633,H,S,0.8959999999999999
2634,H,B,0.8959999999999999
2635,H,B,0.8959999999999999
2636,H,B,0.8959999999999999
2637,H,S,0.895
2638,H,B,0.8959999999999999
2639,H,B,0.8959999999999999
2640,H,S,0.895
2641,H,B,0.895
2642,H,B,0.8959999999999999
2643,H,B,0.897
2644,H,S,0.895
2645,H,B,0.895
2646,H,S,0.893
2647,H,B,0.894
2648,H,B,0.895
2649,H,S,0.894
2650,H,S,0.893
2651,H,S,0.888
2652,H,S,0.885
2653,H,B,0.8859999999999999
2654,H,B,0.887
2655,H,S,0.885
2656,H,B,0.885
2657,H,S,0.883
2658,H,B,0.884
2659,H,B,0.89
2660,H,B,0.894
2661,H,B,0.8959999999999999
2662,H,S,0.894
2663,H,S,0.893
2664,H,B,0.894
2665,H,S,0.893
2666,H,S,0.892
2667,H,S,0.8909999999999999
2668,H,B,0.893
2669,H,B,0.894
2670,H,S,0.892
2671,H,B,0.894
2672,H,S,0.892
2673,H,S,0.8909999999999999
2674,H,B,0.8909999999999999
2675,H,S,0.888
2676,H,S,0.883
2677,H,B,0.883
2678,H,B,0.887
2679,H,B,0.889
2680,H,B,0.889
2681,H,S,0.888
2682,H,S,0.887
2683,H,S,0.885
2684,H,B,0.887
2685,H,B,0.887
2686,H,B,0.888
2687,H,B,0.888
2688,H,S,0.887
2689,H,B,0.887
2690,H,B,0.889
2691,H,S,0.888
2692,H,S,0.887
2693,H,B,0.888
2694,H,S,0.8859999999999999
2695,H,B,0.888
2696,H,B,0.89
2697,H,B,0.89
2698,H,B,0.892
2699,H,B,0.893
2700,H,B,0.894
2701,H,S,0.892
2702,H,S,0.89
2703,H,B,0.8909999999999999
2704,H,B,0.892
2705,H,S,0.89
2706,H,B,0.89
2707,H,S,0.889
2708,H,B,0.889
2709,H,B,0.889
2710,H,S,0.887
2711,H,S,0.8859999999999999
2712,H,S,0.885
2713,H,B,0.8859999999999999
2714,H,S,0.885
2715,H,B,0.8859999999999999
2716,H,B,0.887
2717,H,B,0.887
2718,H,S,0.8859999999999999
2719,H,S,0.885
2720,H,B,0.885
2721,H,B,0.8859999999999999
2722,H,B,0.889
2723,H,B,0.889
2724,H,B,0.889
2725,H,B,0.889
2726,H,S,0.887
2727,H,B,0.888
2728,H,B,0.888
2729,H,B,0.888
2730,H,B,0.89
2731,H,B,0.89
2732,H,S,0.889
2733,H,B,0.8909999999999999
2734,H,B,0.8909999999999999
2735,H,B,0.8909999999999999
2736,H,S,0.89
2737,H,B,0.89
2738,H,B,0.8909999999999999
2739,H,B,0.8909999999999999
2740,H,B,0.8909999999999999
2741,H,S,0.89
2742,H,S,0.889
2743,H,S,0.888
2744,H,B,0.889
2745,H,S,0.887
2746,H,B,0.887
2747,H,B,0.888
2748,H,B,0.888
2749,H,S,0.887
2750,H,B,0.887
2751,H,B,0.889
2752,H,B,0.889
2753,H,B,0.89
2754,H,S,0.888
2755,H,B,0.889
2756,H,B,0.89
2757,H,B,0.89
2758,H,S,0.889
2759,H,B,0.889
2760,H,S,0.888
2761,H,B,0.889
2762,H,B,0.889
2763,H,S,0.888
2764,H,B,0.888
2765,H,B,0.888
2766,H,B,0.888
2767,H,S,0.885
2768,H,S,0.883
2769,H,S,0.8809999999999999
2770,H,B,0.884
2771,H,S,0.883
2772,H,B,0.883
2773,H,S,0.882
2774,H,B,0.882
2775,H,B,0.882
2776,H,B,0.883
2777,H,S,0.882
2778,H,B,0.883
2779,H,S,0.8809999999999999
2780,H,S,0.87
2781,H,B,0.871
2782,H,B,0.872
2783,H,S,0.871
2784,H,B,0.871
2785,H,B,0.872
2786,H,S,0.871
2787,H,B,0.873
2788,H,B,0.879
2789,H,S,0.8759999999999999
2790,H,S,0.8740000000000001
2791,H,S,0.871
2792,H,B,0.873
2793,H,B,0.875
2794,H,B,0.875
2795,H,S,0.8740000000000001
2796,H,S,0.873
2797,H,S,0.871
2798,H,B,0.871
2799,H,B,0.871
2800,H,S,0.87
2801,H,B,0.87
2802,H,B,0.87
2803,H,B,0.87
2804,H,B,0.871
2805,H,B,0.872
2806,H,S,0.871
2807,H,B,0.871
2808,H,B,0.871
2809,H,B,0.871
2810,H,S,0.87
2811,H,B,0.87
2812,H,B,0.87
2813,H,B,0.871
2814,H,B,0.872
2815,H,S,0.871
2816,H,B,0.871
2817,H,B,0.873
2818,H,B,0.8740000000000001
2819,H,B,0.8759999999999999
2820,H,S,0.8740000000000001
2821,H,B,0.8740000000000001
2822,H,B,0.8740000000000001
2823,H,B,0.8759999999999999
2824,H,S,0.875
2825,H,B,0.8759999999999999
2826,H,B,0.88
2827,H,S,0.879
2828,H,B,0.88
2829,H,B,0.8809999999999999
2830,H,B,0.882
2831,H,S,0.88
2832,H,B,0.8809999999999999
2833,H,S,0.88
2834,H,B,0.88
2835,H,B,0.88
2836,H,S,0.879
2837,H,B,0.879
2838,H,S,0.878
2839,H,S,0.877
2840,H,B,0.879
2841,H,B,0.879
2842,H,B,0.879
2843,H,S,0.878
2844,H,B,0.879
2845,H,B,0.8859999999999999
2846,H,B,0.887
2847,H,B,0.889
2848,H,S,0.888
2849,H,S,0.887
2850,H,B,0.887
2851,H,B,0.888
2852,H,B,0.89
2853,H,S,0.889
2854,H,S,0.887
2855,H,S,0.8859999999999999
2856,H,B,0.8859999999999999
2857,H,B,0.887
2858,H,B,0.888
2859,H,B,0.888
2860,H,B,0.889
2861,H,S,0.888
2862,H,B,0.889
2863,H,B,0.889
2864,H,S,0.887
2865,H,S,0.885
2866,H,B,0.8859999999999999
2867,H,S,0.885
2868,H,S,0.884
2869,H,S,0.883
2870,H,B,0.883
2871,H,B,0.884
2872,H,B,0.884
2873,H,S,0.882
2874,H,B,0.882
2875,H,B,0.883
2876,H,B,0.884
2877,H,S,0.883
2878,H,B,0.883
2879,H,B,0.885
2880,H,S,0.884
2881,H,S,0.883
2882,H,B,0.883
2883,H,B,0.884
2884,H,B,0.884
2885,H,B,0.884
2886,H,B,0.885
2887,H,B,0.885
2888,H,S,0.884
2889,H,B,0.884
2890,H,S,0.883
2891,H,S,0.882
2892,H,B,0.882
2893,H,S,0.8809999999999999
2894,H,B,0.882
2895,H,B,0.882
2896,H,S,0.8809999999999999
2897,H,B,0.882
2898,H,B,0.882
2899,H,B,0.882
2900,H,S,0.8809999999999999
2901,H,S,0.88
2902,H,B,0.88
2903,H,S,0.879
2904,H,S,0.878
2905,H,B,0.879
2906,H,B,0.88
2907,H,B,0.8809999999999999
2908,H,S,0.879
2909,H,S,0.878
2910,H,B,0.878
2911,H,B,0.879
2912,H,B,0.879
2913,H,B,0.88
2914,H,B,0.882
2915,H,S,0.8809999999999999
2916,H,B,0.8809999999999999
2917,H,S,0.88
2918,H,S,0.879
2919,H,S,0.877
2920,H,S,0.875
2921,H,B,0.8759999999999999
2922,H,B,0.8759999999999999
2923,H,B,0.8759999999999999
2924,H,B,0.878
2925,H,S,0.877
2926,H,S,0.875
2927,H,S,0.873
2928,H,B,0.873
2929,H,B,0.875
2930,H,B,0.877
2931,H,B,0.878
2932,H,S,0.877
2933,H,B,0.877
2934,H,B,0.878
2935,H,B,0.88
2936,H,B,0.883
2937,H,S,0.882
2938,H,S,0.8809999999999999
2939,H,B,0.8809999999999999
2940,H,B,0.882
2941,H,B,0.884
2942,H,B,0.885
2943,H,B,0.8859999999999999
2944,H,S,0.885
2945,H,B,0.885
2946,H,S,0.884
2947,H,B,0.884
2948,H,B,0.884
2949,H,B,0.885
2950,H,B,0.8859999999999999
2951,H,B,0.8859999999999999
2952,H,B,0.8859999999999999
2953,H,B,0.888
2954,H,B,0.8909999999999999
2955,H,S,0.89
2956,H,B,0.8909999999999999
2957,H,B,0.8909999999999999
2958,H,B,0.8909999999999999
2959,H,S,0.889
2960,H,S,0.888
2961,H,S,0.8859999999999999
2962,H,B,0.8859999999999999
2963,H,B,0.887
2964,H,B,0.887
2965,H,B,0.887
2966,H,S,0.8859999999999999
2967,H,B,0.887
2968,H,S,0.8859999999999999
2969,H,S,0.885
2970,H,B,0.887
2971,H,B,0.887
2972,H,S,0.8859999999999999
2973,H,B,0.8859999999999999
2974,H,B,0.8859999999999999
2975,H,B,0.8859999999999999
2976,H,S,0.885
2977,H,B,0.885
2978,H,B,0.885
2979,H,B,0.885
2980,H,B,0.885
2981,H,B,0.885
2982,H,S,0.884
2983,H,B,0.884
2984,H,B,0.884
2985,H,S,0.883
2986,H,B,0.884
2987,H,B,0.885
2988,H,B,0.8859999999999999
2989,H,B,0.8859999999999999
2990,H,B,0.8859999999999999
2991,H,S,0.885
2992,H,B,0.885
2993,H,S,0.884
2994,H,B,0.885
2995,H,B,0.885
2996,H,B,0.885
2997,H,B,0.887
2998,H,B,0.889
2999,H,B,0.889
3000,H,B,0.89
3001,H,S,0.888
3002,H,B,0.888
3003,H,S,0.887
3004,H,B,0.887
3005,H,B,0.888
3006,H,B,0.889
3007,H,B,0.889
3008,H,S,0.888
3009,H,S,0.8859999999999999
3010,H,S,0.884
3011,H,S,0.882
3012,H,B,0.8859999999999999
3013,H,B,0.8859999999999999
3014,H,B,0.887
3015,H,B,0.888
3016,H,B,0.889
3017,H,B,0.89
3018,H,S,0.889
3019,H,S,0.888
3020,H,B,0.888
3021,H,S,0.887
3022,H,B,0.888
3023,H,S,0.887
3024,H,B,0.888
3025,H,S,0.887
3026,H,S,0.8859999999999999
3027,H,B,0.8859999999999999
3028,H,B,0.8859999999999999
3029,H,B,0.887
3030,H,S,0.8859999999999999
3031,H,S,0.885
3032,H,B,0.885
3033,H,B,0.887
3034,H,B,0.887
3035,H,B,0.887
3036,H,B,0.887
3037,H,S,0.8859999999999999
3038,H,B,0.8859999999999999
3039,H,B,0.887
3040,H,B,0.887
3041,H,B,0.888
3042,H,S,0.8859999999999999
3043,H,S,0.885
3044,H,S,0.884
3045,H,B,0.884
3046,H,B,0.8859999999999999
3047,H,B,0.8859999999999999
3048,H,B,0.8859999999999999
3049,H,S,0.883
3050,H,B,0.883
3051,H,S,0.882
3052,H,B,0.884
3053,H,S,0.883
3054,H,S,0.882
3055,H,B,0.883
3056,H,B,0.883
3057,H,B,0.885
3058,H,S,0.884
3059,H,B,0.884
3060,H,B,0.884
3061,H,B,0.884
3062,H,B,0.884
3063,H,B,0.887
3064,H,B,0.887
3065,H,B,0.887
3066,H,B,0.887
3067,H,S,0.8859999999999999
3068,H,B,0.8859999999999999
3069,H,B,0.8859999999999999
3070,H,B,0.8859999999999999
3071,H,S,0.885
3072,H,B,0.8859999999999999
3073,H,B,0.8859999999999999
3074,H,B,0.8859999999999999
3075,H,B,0.887
3076,H,S,0.8859999999999999
3077,H,B,0.8859999999999999
3078,H,B,0.887
3079,H,B,0.889
3080,H,B,0.889
3081,H,B,0.89
3082,H,S,0.889
3083,H,B,0.889
3084,H,B,0.89
3085,H,S,0.889
3086,H,B,0.889
3087,H,B,0.889
3088,H,B,0.889
3089,H,S,0.888
3090,H,B,0.889
3091,H,B,0.889
3092,H,S,0.888
3093,H,S,0.887
3094,H,B,0.887
3095,H,B,0.888
3096,H,B,0.888
3097,H,B,0.892
3098,H,B,0.892
3099,H,S,0.8909999999999999
3100,H,B,0.892
3101,H,B,0.892
3102,H,B,0.892
3103,H,B,0.893
3104,H,B,0.895
3105,H,B,0.895
3106,H,B,0.8959999999999999
3107,H,B,0.897
3108,H,B,0.897
3109,H,S,0.8959999999999999
3110,H,B,0.897
3111,H,B,0.898
3112,H,B,0.898
3113,H,S,0.897
3114,H,B,0.897
3115,H,S,0.8959999999999999
3116,H,B,0.8959999999999999
3117,H,B,0.897
3118,H,B,0.897
3119,H,S,0.895
3120,H,B,0.895
3121,H,B,0.895
3122,H,B,0.895
3123,H,S,0.894
3124,H,S,0.893
3125,H,B,0.893
3126,H,B,0.894
3127,H,B,0.894
3128,H,S,0.893
3129,H,B,0.893
3130,H,B,0.894
3131,H,B,0.894
3132,H,B,0.894
3133,H,S,0.893
3134,H,B,0.894
3135,H,B,0.894
3136,H,S,0.893
3137,H,B,0.893
3138,H,B,0.893
3139,H,B,0.893
3140,H,B,0.894
3141,H,B,0.895
3142,H,B,0.895
3143,H,S,0.894
3144,H,S,0.893
3145,H,B,0.894
3146,H,S,0.893
3147,H,B,0.893
3148,H,B,0.893
3149,H,B,0.893
3150,H,S,0.892
3151,H,B,0.893
3152,H,B,0.894
3153,H,B,0.894
3154,H,S,0.892
3155,H,S,0.888
3156,H,B,0.889
3157,H,S,0.888
3158,H,B,0.889
3159,H,B,0.8909999999999999
3160,H,S,0.889
3161,H,B,0.89
3162,H,S,0.888
3163,H,S,0.8859999999999999
3164,H,S,0.885
3165,H,B,0.887
3166,H,B,0.888
3167,H,S,0.887
3168,H,B,0.887
3169,H,B,0.887
3170,H,B,0.887
3171,H,B,0.887
3172,H,B,0.887
3173,H,B,0.887
3174,H,S,0.8859999999999999
3175,H,B,0.887
3176,H,B,0.887
3177,H,B,0.887
3178,H,B,0.89
3179,H,B,0.892
3180,H,B,0.893
3181,H,B,0.894
3182,H,B,0.894
3183,H,B,0.894
3184,H,S,0.893
3185,H,B,0.893
3186,H,S,0.892
3187,H,S,0.88
3188,H,B,0.88
3189,H,B,0.88
3190,H,S,0.879
3191,H,B,0.879
3192,H,S,0.872
3201,H,B,0.879
3202,H,B,0.879
3203,H,S,0.878
3204,H,S,0.8759999999999999
3205,H,B,0.877
3206,H,B,0.879
3207,H,B,0.88
3208,H,B,0.88
3209,H,B,0.8809999999999999
3210,H,B,0.882
3211,H,B,0.885
3212,H,S,0.884
3213,H,S,0.883
3214,H,S,0.882
3215,H,B,0.882
3216,H,S,0.8809999999999999
3217,H,B,0.882
3218,H,S,0.8809999999999999
3219,H,S,0.88
3220,H,B,0.882
3221,H,B,0.882
3222,H,B,0.882
3223,H,B,0.882
3224,H,B,0.883
3225,H,B,0.883
3226,H,S,0.882
3227,H,B,0.882
3228,H,B,0.882
3229,H,B,0.882
3230,H,B,0.882
3231,H,S,0.8809999999999999
3232,H,B,0.8809999999999999
3233,H,B,0.882
3234,H,B,0.882
3235,H,B,0.882
3236,H,B,0.883
3237,H,S,0.882
3238,H,B,0.883
3239,H,B,0.883
3240,H,B,0.883
3241,H,B,0.883
3242,H,S,0.882
3243,H,B,0.882
3244,H,B,0.882
3245,H,B,0.883
3246,H,B,0.884
3247,H,B,0.885
3248,H,S,0.884
3249,H,S,0.883
3250,H,B,0.883
3251,H,B,0.884
3252,H,S,0.883
3253,H,S,0.882
3254,H,S,0.88
3255,H,B,0.8809999999999999
3256,H,B,0.882
3257,H,S,0.8809999999999999
3258,H,B,0.8809999999999999
3259,H,B,0.882
3260,H,B,0.883
3261,H,B,0.884
3262,H,B,0.884
3263,H,S,0.883
3264,H,B,0.883
3265,H,B,0.884
3266,H,B,0.884
3267,H,S,0.883
3268,H,S,0.8809999999999999
3269,H,B,0.8809999999999999
3270,H,S,0.88
3271,H,B,0.88
3272,H,B,0.8809999999999999
3273,H,B,0.8809999999999999
3274,H,B,0.8809999999999999
3275,H,B,0.8809999999999999
3276,H,B,0.8809999999999999
3277,H,B,0.8809999999999999
3278,H,B,0.8809999999999999
3279,H,B,0.8809999999999999
3280,H,B,0.8809999999999999
3281,H,B,0.8809999999999999
3282,H,S,0.88
3283,H,S,0.879
3284,H,B,0.88
3285,H,S,0.879
3286,H,B,0.879
3287,H,B,0.879
3288,H,B,0.879
3289,H,B,0.879
3290,H,B,0.879
3291,H,B,0.879
3292,H,B,0.88
3293,H,B,0.88
3294,H,B,0.88
3295,H,B,0.88
3296,H,B,0.88
3297,H,B,0.88
3298,H,B,0.88
3299,H,S,0.879
3300,H,S,0.878
3301,H,B,0.878
3302,H,S,0.877
3303,H,S,0.8759999999999999
3304,H,B,0.877
3305,H,B,0.877
3306,H,B,0.877
3307,H,S,0.8759999999999999
3308,H,B,0.877
3309,H,B,0.877
3310,H,B,0.877
3311,H,B,0.879
3312,H,B,0.879
3313,H,B,0.879
3314,H,B,0.879
3315,H,S,0.878
3316,H,B,0.878
3317,H,B,0.878
3318,H,B,0.878
3319,H,B,0.878
3320,H,B,0.878
3321,H,B,0.879
3322,H,S,0.878
3323,H,B,0.879
3324,H,B,0.879
3325,H,S,0.878
3326,H,B,0.878
3327,H,B,0.878
3328,H,B,0.878
3329,H,B,0.878
3330,H,B,0.878
3331,H,B,0.878
3332,H,B,0.878
3333,H,B,0.878
3334,H,B,0.878
3335,H,S,0.877
3336,H,B,0.878
3337,H,B,0.878
3338,H,B,0.878
3339,H,S,0.877
3340,H,B,0.877
3341,H,B,0.877
3342,H,B,0.877
3343,H,B,0.878
3344,H,S,0.877
3345,H,B,0.877
3346,H,S,0.8759999999999999
3347,H,B,0.877
3348,H,B,0.877
3349,H,B,0.877
3350,H,B,0.877
3351,H,B,0.877
3352,H,B,0.877
3353,H,B,0.878
3354,H,S,0.877
3355,H,B,0.878
3356,H,S,0.877
3357,H,S,0.8759999999999999
3358,H,B,0.8759999999999999
3359,H,B,0.8759999999999999
3360,H,B,0.8759999999999999
3361,H,B,0.8759999999999999
3362,H,B,0.8759999999999999
3363,H,B,0.877
3364,H,B,0.877
3365,H,B,0.884
3366,H,B,0.8859999999999999
3367,H,B,0.8859999999999999
3368,H,S,0.885
3369,H,S,0.883
3370,H,S,0.882
3371,H,S,0.8809999999999999
3372,H,B,0.8809999999999999
3373,H,B,0.882
3374,H,B,0.882
3375,H,B,0.882
3376,H,S,0.8809999999999999
3377,H,B,0.882
3378,H,B,0.882
3379,H,B,0.882
3380,H,S,0.8809999999999999
3381,H,B,0.8809999999999999
3382,H,B,0.8809999999999999
3383,H,B,0.8809999999999999
3384,H,B,0.882
3385,H,S,0.8809999999999999
3386,H,B,0.8809999999999999
3387,H,B,0.8809999999999999
3388,H,B,0.883
3389,H,S,0.882
3390,H,B,0.883
3391,H,B,0.883
3392,H,S,0.882
3393,H,B,0.882
3394,H,B,0.882
3395,H,B,0.882
3396,H,B,0.882
3397,H,B,0.882
3398,H,S,0.8809999999999999
3399,H,B,0.8809999999999999
3400,H,B,0.882
3401,H,B,0.882
3402,H,B,0.882
3403,H,S,0.8809999999999999
3404,H,B,0.8809999999999999
3405,H,B,0.8809999999999999
3406,H,B,0.8809999999999999
3407,H,B,0.882
3408,H,S,0.88
3409,H,S,0.877
3410,H,B,0.877
3411,H,B,0.877
3412,H,S,0.8759999999999999
3413,H,S,0.875
3414,H,B,0.8759999999999999
3415,H,B,0.8759999999999999
3416,H,B,0.8759999999999999
3417,H,B,0.8759999999999999
3418,H,B,0.877
3419,H,B,0.877
3420,H,B,0.877
3421,H,B,0.877
3422,H,S,0.8759999999999999
3423,H,S,0.872
3424,H,B,0.873
3425,H,B,0.8740000000000001
3426,H,B,0.8740000000000001
3427,H,B,0.8740000000000001
3428,H,B,0.8740000000000001
3429,H,B,0.8740000000000001
3430,H,S,0.873
3431,H,B,0.873
3432,H,B,0.8740000000000001
3433,H,B,0.8740000000000001
3434,H,S,0.873
3435,H,B,0.873
3436,H,B,0.873
3437,H,B,0.873
3438,H,B,0.873
3439,H,B,0.873
3440,H,B,0.8740000000000001
3441,H,B,0.875
3442,H,B,0.875
3443,H,S,0.8740000000000001
3444,H,S,0.873
3445,H,B,0.873
3446,H,B,0.8740000000000001
3447,H,S,0.873
3448,H,B,0.8740000000000001
3449,H,B,0.8740000000000001
3450,H,S,0.873
3451,H,B,0.873
3452,H,B,0.873
3453,H,B,0.8740000000000001
3454,H,B,0.8740000000000001
3455,H,B,0.8740000000000001
3456,H,B,0.8740000000000001
3457,H,S,0.873
3458,H,B,0.873
3459,H,B,0.873
3460,H,S,0.872
3461,H,B,0.872
3462,H,S,0.871
3463,H,S,0.867
3464,H,B,0.872
3465,H,B,0.8740000000000001
3466,H,B,0.8759999999999999
3467,H,S,0.875
3468,H,B,0.877
3469,H,B,0.878
3470,H,S,0.877
3471,H,B,0.878
3472,H,B,0.878
3473,H,S,0.8759999999999999
3474,H,B,0.8759999999999999
3475,H,S,0.875
3476,H,B,0.8759999999999999
3477,H,B,0.8759999999999999
3478,H,B,0.8759999999999999
3479,H,B,0.877
3480,H,B,0.879
3481,H,S,0.878
3482,H,S,0.877
3483,H,S,0.8759999999999999
3484,H,B,0.877
3485,H,S,0.8759999999999999
3486,H,B,0.8759999999999999
3487,H,B,0.8759999999999999
3488,H,B,0.8759999999999999
3489,H,B,0.8759999999999999
3490,H,B,0.8759999999999999
3491,H,B,0.8759999999999999
3492,H,S,0.875
3493,H,B,0.877
3494,H,B,0.879
3495,H,B,0.8859999999999999
3496,H,B,0.8859999999999999
3497,H,B,0.887
3498,H,S,0.885
3499,H,B,0.885
3500,H,B,0.885
3501,H,B,0.8859999999999999
3502,H,B,0.8859999999999999
3503,H,S,0.885
3504,H,B,0.885
3505,H,B,0.8859999999999999
3506,H,S,0.885
3507,H,B,0.885
3508,H,B,0.8859999999999999
3509,H,S,0.885
3510,H,B,0.885
3511,H,B,0.885
3512,H,B,0.885
3513,H,S,0.884
3514,H,B,0.8859999999999999
3515,H,B,0.8859999999999999
3516,H,S,0.885
3517,H,B,0.888
3518,H,B,0.89
3519,H,S,0.889
3520,H,S,0.888
3521,H,B,0.888
3522,H,B,0.889
3523,H,S,0.888
3524,H,B,0.889
3525,H,B,0.89
3526,H,B,0.8909999999999999
3527,H,B,0.892
3528,H,B,0.894
3529,H,B,0.8959999999999999
3530,H,B,0.8959999999999999
3531,H,S,0.894
3532,H,B,0.895
3533,H,B,0.895
3534,H,B,0.895
3535,H,B,0.895
3536,H,B,0.895
3537,H,S,0.894
3538,H,S,0.893
3539,H,S,0.892
3540,H,S,0.8909999999999999
3541,H,S,0.89
3542,H,B,0.892
3543,H,B,0.892
3544,H,S,0.8909999999999999
3545,H,B,0.8909999999999999
3546,H,B,0.8909999999999999
3547,H,B,0.8909999999999999
3548,H,B,0.892
3549,H,B,0.892
3550,H,B,0.892
3551,H,B,0.892
3552,H,S,0.8909999999999999
3553,H,B,0.892
3554,H,B,0.893
3555,H,B,0.897
3556,H,S,0.8959999999999999
3557,H,B,0.897
3558,H,B,0.898
3559,H,S,0.8959999999999999
3560,H,S,0.895
3561,H,S,0.894
3562,H,B,0.894
3563,H,B,0.895
3564,H,S,0.893
3565,H,S,0.89
3566,H,B,0.8909999999999999
3567,H,B,0.8909999999999999
3568,H,B,0.892
3569,H,B,0.893
3570,H,B,0.893
3571,H,B,0.893
3572,H,S,0.892
3573,H,B,0.893
3574,H,S,0.892
3575,H,B,0.892
3576,H,B,0.892
3577,H,S,0.8909999999999999
3578,H,B,0.892
3579,H,S,0.8909999999999999
3580,H,B,0.8909999999999999
3581,H,B,0.892
3582,H,B,0.892
3583,H,S,0.8909999999999999
3584,H,B,0.8909999999999999
3585,H,B,0.892
3586,H,B,0.893
3587,H,B,0.893
3588,H,B,0.894
3589,H,S,0.893
3590,H,B,0.893
3591,H,B,0.893
3592,H,S,0.8909999999999999
3597,H,B,0.8909999999999999
3598,H,B,0.893
3599,H,B,0.893
3600,H,B,0.895
3601,H,S,0.894
3602,H,S,0.893
3603,H,B,0.893
3604,H,S,0.8909999999999999
3605,H,B,0.8909999999999999
3606,H,B,0.892
3607,H,B,0.894
3608,H,B,0.895
3609,H,S,0.894
3610,H,S,0.892
3611,H,B,0.892
3612,H,B,0.893
3613,H,B,0.893
3614,H,B,0.894
3615,H,B,0.894
3616,H,S,0.893
3617,H,B,0.893
3618,H,B,0.894
3619,H,B,0.894
3620,H,B,0.894
3623,H,B,0.894
3624,H,B,0.894
3628,H,S,0.8909999999999999
3629,H,B,0.8909999999999999
3630,H,B,0.893
3631,H,B,0.893
3632,H,B,0.893
3633,H,S,0.892
3634,H,B,0.893
3635,H,B,0.893
3636,H,S,0.892
3637,H,B,0.892
3638,H,B,0.893
3639,H,B,0.894
3640,H,S,0.893
3641,H,S,0.892
3642,H,B,0.893
3643,H,S,0.8909999999999999
3644,H,B,0.892
3645,H,B,0.892
3646,H,B,0.894
3647,H,B,0.894
3648,H,B,0.894
3649,H,B,0.897
3650,H,B,0.897
3651,H,S,0.8959999999999999
3652,H,B,0.8959999999999999
3653,H,B,0.897
3654,H,B,0.897
3655,H,S,0.8959999999999999
3656,H,B,0.8959999999999999
3657,H,S,0.895
3658,H,S,0.894
3659,H,S,0.893
3660,H,B,0.894
3661,H,S,0.893
3662,H,B,0.894
3663,H,B,0.895
3664,H,B,0.8959999999999999
3665,H,S,0.895
3666,H,S,0.894
3667,H,B,0.894
3668,H,B,0.894
3669,H,B,0.895
3670,H,B,0.8959999999999999
3671,H,B,0.8959999999999999
3672,H,S,0.894
3673,H,B,0.895
3674,H,B,0.8959999999999999
3675,H,S,0.895
3676,H,B,0.8959999999999999
3677,H,B,0.8959999999999999
3678,H,B,0.897
3679,H,S,0.8959999999999999
3680,H,B,0.897
3681,H,B,0.897
3682,H,B,0.897
3683,H,B,0.897
3684,H,B,0.898
3685,H,S,0.8959999999999999
3686,H,B,0.897
3687,H,B,0.897
3688,H,B,0.897
3689,H,B,0.897
3690,H,B,0.898
3691,H,B,0.9059999999999999
3692,H,S,0.905
3693,H,S,0.904
3694,H,B,0.905
3695,H,B,0.9059999999999999
3696,H,B,0.9059999999999999
3697,H,S,0.904
3698,H,B,0.904
3699,H,S,0.902
3700,H,B,0.903
3701,H,B,0.903
3702,H,B,0.903
3703,H,B,0.903
3704,H,B,0.904
3705,H,B,0.904
3706,H,B,0.904
3707,H,B,0.904
3708,H,B,0.904
3709,H,B,0.904
3710,H,B,0.905
3711,H,B,0.9059999999999999
3712,H,B,0.9059999999999999
3713,H,B,0.9059999999999999
3714,H,S,0.905
3715,H,B,0.905
3716,H,B,0.905
3717,H,S,0.904
3718,H,B,0.905
3719,H,B,0.905
3720,H,B,0.9059999999999999
3721,H,B,0.907
3722,H,B,0.9079999999999999
3723,H,S,0.9059999999999999
3724,H,S,0.905
3725,H,S,0.904
3726,H,B,0.905
3727,H,S,0.903
3728,H,S,0.902
3729,H,B,0.903
3730,H,B,0.903
3731,H,S,0.902
3732,H,B,0.903
3733,H,S,0.9009999999999999
3734,H,B,0.902
3735,H,S,0.9009999999999999
3736,H,S,0.9
3737,H,S,0.899
3738,H,B,0.9
3739,H,S,0.899
3740,H,B,0.899
3741,H,S,0.898
3742,H,B,0.9
3743,H,S,0.899
3744,H,S,0.898
3745,H,B,0.899
3746,H,S,0.898
3747,H,B,0.898
3748,H,B,0.899
3749,H,B,0.899
3750,H,B,0.9
3751,H,B,0.9009999999999999
3752,H,B,0.9009999999999999
3753,H,B,0.902
3754,H,B,0.902
3755,H,B,0.902
3756,H,B,0.902
3757,H,B,0.902
3758,H,B,0.902
3759,H,B,0.902
3760,H,B,0.902
3761,H,B,0.902
3762,H,S,0.9009999999999999
3763,H,B,0.902
3764,H,S,0.9
3765,H,B,0.9009999999999999
3766,H,B,0.902
3767,H,B,0.902
3768,H,B,0.902
3769,H,B,0.903
3770,H,B,0.903
3771,H,B,0.903
3772,H,B,0.904
3773,H,S,0.903
3774,H,B,0.903
3775,H,B,0.903
3776,H,S,0.902
3777,H,S,0.9009999999999999
3778,H,B,0.9009999999999999
3779,H,S,0.898
3780,H,S,0.892
3781,H,S,0.887
3782,H,B,0.889
3783,H,B,0.889
3784,H,B,0.89
3785,H,S,0.889
3786,H,B,0.889
3787,H,B,0.8909999999999999
3788,H,B,0.8909999999999999
3789,H,S,0.889
3790,H,B,0.889
3791,H,B,0.889
3792,H,B,0.889
3793,H,B,0.89
3794,H,B,0.89
3795,H,B,0.89
